Generation,GenRewMean,GenRewStd,GenLenMean,EvalGenRewardMean,EvalGenRewardStd,EvalGenLengthMean,EvalGenCount,EpisodesThisGen,EpisodesSoFar,TimestepsThisGen,TimestepsSoFar,UniqueWorkers,ResultsSkippedFrac,ObCount,TimeElapsedThisGen,TimeElapsed,TimePredictMin,TimePredictMax,TimePredictMean,TimePredictCount
0,45.939075,73.23148,271.63157894736844,nan,nan,nan,0,38,38,10322,10322,4,0.0,0,17.95180916786194,17.953049659729004,0.0004401206970214844,0.06924676895141602,0.0016076142555566473,10322
1,46.38225,102.78045,235.38636363636363,nan,nan,nan,0,44,82,10357,20679,4,0.15384615384615385,20.0,9.978108167648315,27.94973850250244,0.0004432201385498047,0.02818155288696289,0.0010427519358227678,10357
2,58.741913,123.102165,261.925,nan,nan,nan,0,40,122,10477,31156,4,0.16666666666666666,20.0,14.575610160827637,42.53618359565735,0.00047135353088378906,0.03197956085205078,0.0020017226574995982,10477
3,24.965042,60.32551,249.73809523809524,nan,nan,nan,0,42,164,10489,41645,4,0.16,0,36.70432448387146,79.26177644729614,0.0006248950958251953,0.08494234085083008,0.005753436162662933,10489
4,45.00274,100.6085,235.3,nan,nan,nan,0,50,214,11765,53410,4,0.13793103448275862,25.0,26.9685320854187,106.26999473571777,0.0006151199340820312,0.11468911170959473,0.0032428834877062797,11765
5,28.395435,100.445915,196.7962962962963,nan,nan,nan,0,54,268,10627,64037,4,0.12903225806451613,20.0,24.32464051246643,130.69647908210754,0.0006322860717773438,0.06964778900146484,0.00372142343942002,10627
6,39.893753,92.51225,231.88636363636363,nan,nan,nan,0,44,312,10203,74240,4,0.15384615384615385,20.0,19.988200664520264,150.71202301979065,0.0004932880401611328,0.09747576713562012,0.0029366962771596576,10203
7,24.401089,83.0824,180.44642857142858,nan,nan,nan,0,56,368,10105,84345,4,0.125,0,8.71340274810791,159.44964241981506,0.00045871734619140625,0.04471421241760254,0.0010547190359003293,10105
8,38.08853,90.55481,248.72727272727272,nan,nan,nan,0,44,412,10944,95289,4,0.15384615384615385,0,11.05265498161316,170.5274839401245,0.0004639625549316406,0.0664529800415039,0.0010724755014941008,10944
9,41.59333,79.27763,245.36363636363637,nan,nan,nan,0,44,456,10796,106085,4,0.15384615384615385,0,9.798573732376099,180.34852480888367,0.0004436969757080078,0.029968976974487305,0.0009479138223097562,10796
10,20.242075,88.33815,147.88571428571427,1.9921623,0.0,20.0,1,70,526,10352,116437,4,0.10256410256410256,40.0,10.744746208190918,191.1224570274353,0.0004696846008300781,0.04138827323913574,0.0010432741424083894,10372
11,15.851958,77.796165,248.25,nan,nan,nan,0,44,570,10923,127360,4,0.15384615384615385,20.0,12.791977643966675,203.94725489616394,0.0004696846008300781,0.041609764099121094,0.002036878676965845,10923
12,25.570646,88.98385,221.65217391304347,nan,nan,nan,0,46,616,10196,137556,4,0.14814814814814814,321.0,19.02708911895752,223.0272376537323,0.0005962848663330078,0.07921099662780762,0.0031212123761975843,10196
13,25.110481,65.16259,208.77777777777777,nan,nan,nan,0,54,670,11274,148830,4,0.12903225806451613,0,20.2121365070343,243.2619845867157,0.0006113052368164062,0.05872488021850586,0.0031428702528518587,11274
14,52.899784,77.40841,320.9117647058824,nan,nan,nan,0,34,704,10911,159741,4,0.19047619047619047,40.0,17.118294715881348,260.414400100708,0.000553131103515625,0.05713653564453125,0.0030820296300385136,10911
15,33.979465,70.14184,322.29411764705884,nan,nan,nan,0,34,738,10958,170699,4,0.19047619047619047,20.0,20.563100814819336,280.9953119754791,0.0006055831909179688,0.06006264686584473,0.0030278293597783066,10958
16,44.052685,99.707016,218.9375,nan,nan,nan,0,48,786,10509,181208,4,0.14285714285714285,0,15.244195461273193,296.2519066333771,0.0006175041198730469,0.10010504722595215,0.003190114457528545,10509
17,53.729,89.46486,289.44444444444446,nan,nan,nan,0,36,822,10420,191628,4,0.18181818181818182,0,20.372397661209106,316.6569547653198,0.0006072521209716797,0.08103179931640625,0.003062247795244096,10420
18,87.036026,140.11737,318.1875,nan,nan,nan,0,32,854,10182,201810,4,0.2,0,16.14274001121521,332.8295192718506,0.0006282329559326172,0.0647280216217041,0.0030149490934906573,10182
19,34.418106,75.55772,243.9090909090909,nan,nan,nan,0,44,898,10732,212542,4,0.15384615384615385,0,18.672840118408203,351.5151906013489,0.0006282329559326172,0.05495786666870117,0.0030227619411782726,10732
20,59.033535,117.70172,286.6666666666667,nan,nan,nan,0,36,934,10320,222862,4,0.18181818181818182,20.0,19.389573574066162,370.92207193374634,0.0005810260772705078,0.060699462890625,0.002964449783628301,10320
21,67.47346,111.90286,418.34615384615387,nan,nan,nan,0,26,960,10877,233739,4,0.23529411764705882,0,17.0171856880188,387.951678276062,0.0006146430969238281,0.06347274780273438,0.003061433854190328,10877
22,59.379303,116.24905,319.05882352941177,nan,nan,nan,0,34,994,10848,244587,4,0.19047619047619047,0,18.323778867721558,406.2996485233307,0.0006253719329833984,0.05370521545410156,0.002831996190512778,10848
23,43.491276,100.37491,316.5,nan,nan,nan,0,34,1028,10761,255348,4,0.19047619047619047,0,14.35946798324585,420.684205532074,0.0005156993865966797,0.050702810287475586,0.002776114030704546,10761
24,47.31037,108.17085,369.4642857142857,nan,nan,nan,0,28,1056,10345,265693,4,0.2222222222222222,0,10.290676355361938,431.0024764537811,0.0004589557647705078,0.04801750183105469,0.0008792911767383426,10345
25,42.207073,121.55249,320.6470588235294,nan,nan,nan,0,34,1090,10902,276595,4,0.19047619047619047,26.0,9.047129154205322,440.06529545783997,0.0004582405090332031,0.023172378540039062,0.0008451584784662236,10902
26,61.92099,102.1006,443.1666666666667,nan,nan,nan,0,24,1114,10636,287231,4,0.25,23.0,8.257938146591187,448.35390281677246,0.00045228004455566406,0.028846025466918945,0.0008388753670774577,10636
27,62.048695,119.794365,266.8157894736842,nan,nan,nan,0,38,1152,10139,297370,4,0.17391304347826086,0,7.793099880218506,456.1621165275574,0.0004532337188720703,0.023450374603271484,0.000776051463830611,10139
28,85.39648,144.17061,461.77272727272725,nan,nan,nan,0,22,1174,10159,307529,4,0.26666666666666666,0,9.072880744934082,465.26196241378784,0.0004572868347167969,0.024623394012451172,0.0008495544657391326,10159
29,86.28527,149.21811,462.45454545454544,nan,nan,nan,0,22,1196,10174,317703,4,0.26666666666666666,1000.0,8.383419513702393,473.66121554374695,0.0004534721374511719,0.024956464767456055,0.0008968418793240535,10174
30,160.00029,152.8365,717.9375,nan,nan,nan,0,16,1212,11487,329190,4,0.3333333333333333,0,10.54029655456543,484.21734642982483,0.00045800209045410156,0.023645877838134766,0.000825004601713114,11487
31,171.34683,192.62956,757.0,nan,nan,nan,0,14,1226,10598,339788,4,0.36363636363636365,0,8.275535106658936,492.50573325157166,0.0004642009735107422,0.025311708450317383,0.0008579810895342088,10598
32,159.97122,177.10928,586.8333333333334,nan,nan,nan,0,18,1244,10563,350351,4,0.3076923076923077,0,11.353180646896362,503.88416719436646,0.0004458427429199219,0.023289203643798828,0.0008365274615487761,10563
33,217.59813,137.22533,941.6666666666666,nan,nan,nan,0,12,1256,11300,361651,4,0.4,0,9.837753057479858,513.7470433712006,0.00045943260192871094,0.023696184158325195,0.0008320180082743146,11300
34,181.53392,138.8329,799.8571428571429,nan,nan,nan,0,14,1270,11198,372849,4,0.36363636363636365,1000.0,8.933158159255981,522.692280292511,0.0004715919494628906,0.02746891975402832,0.0007365946046666048,11198
35,183.30687,203.48346,690.625,nan,nan,nan,0,16,1286,11050,383899,4,0.3333333333333333,0,10.06807827949524,532.7702207565308,0.0004582405090332031,0.030113935470581055,0.0008516759786131155,11050
36,233.36095,180.81224,727.7857142857143,nan,nan,nan,0,14,1300,10189,394088,4,0.36363636363636365,1000.0,9.741769790649414,542.5217969417572,0.0004572868347167969,0.025011301040649414,0.0008469112535514686,10189
37,210.0384,167.45248,762.7857142857143,nan,nan,nan,0,14,1314,10679,404767,4,0.36363636363636365,0,12.408259153366089,554.9549686908722,0.00045037269592285156,0.04266071319580078,0.0009964508826795818,10679
38,250.27196,208.48013,723.6875,nan,nan,nan,0,16,1330,11579,416346,4,0.3333333333333333,0,10.42012095451355,565.4084532260895,0.00045371055603027344,0.023481130599975586,0.0008424549834161382,11579
39,156.94823,234.19858,728.5714285714286,nan,nan,nan,0,14,1344,10200,426546,4,0.36363636363636365,0,10.02342939376831,575.4560506343842,0.0004570484161376953,0.03461456298828125,0.0008538981512481092,10200
40,235.947,181.3791,917.0,nan,nan,nan,0,12,1356,11004,437550,4,0.4,0,13.587218284606934,589.0572075843811,0.0004520416259765625,0.08101725578308105,0.0011921477985139416,11004
41,150.6604,205.38377,722.7142857142857,nan,nan,nan,0,14,1370,10118,447668,4,0.36363636363636365,0,13.782544136047363,602.8586704730988,0.00046324729919433594,0.026526689529418945,0.001378458157479233,10118
42,262.3189,193.71446,776.5714285714286,nan,nan,nan,0,14,1384,10872,458540,4,0.36363636363636365,0,13.663940668106079,616.5455329418182,0.0004673004150390625,0.024250268936157227,0.0013201520493839312,10872
43,183.33292,139.71472,786.7142857142857,nan,nan,nan,0,14,1398,11014,469554,4,0.36363636363636365,0,14.454607486724854,631.0115251541138,0.00047850608825683594,0.051801204681396484,0.001144176800583936,11014
44,272.56973,158.73125,842.5833333333334,nan,nan,nan,0,12,1410,10111,479665,4,0.4,0,11.7682204246521,642.7920742034912,0.0004565715789794922,0.02335810661315918,0.0009477779662711674,10111
45,216.43944,111.118805,922.3333333333334,nan,nan,nan,0,12,1422,11068,490733,4,0.4,0,12.04474425315857,654.8604230880737,0.0004696846008300781,0.02880096435546875,0.0009899884731622219,11068
46,286.17703,225.7556,914.0833333333334,nan,nan,nan,0,12,1434,10969,501702,4,0.4,1000.0,14.102998495101929,668.9897317886353,0.0004703998565673828,0.05817270278930664,0.001181051978678916,10969
47,194.9723,162.14088,837.9166666666666,nan,nan,nan,0,12,1446,10055,511757,4,0.4,0,13.712748289108276,682.7413508892059,0.000457763671875,0.02428579330444336,0.0015186311948483173,10055
48,287.57028,221.21594,841.7857142857143,nan,nan,nan,0,14,1460,11785,523542,4,0.36363636363636365,0,12.45462417602539,695.2187662124634,0.0004596710205078125,0.02837395668029785,0.0009230418482421564,11785
49,303.81735,209.14072,918.3333333333334,nan,nan,nan,0,12,1472,11020,534562,4,0.4,0,11.476327657699585,706.7426657676697,0.000453948974609375,0.028276681900024414,0.001017492522777966,11020
50,302.3962,154.257,957.6666666666666,nan,nan,nan,0,12,1484,11492,546054,4,0.4,0,16.17109727859497,722.949560880661,0.0004515647888183594,0.05335569381713867,0.0011008267945376913,11492
51,296.24918,166.92915,1000.0,nan,nan,nan,0,10,1494,10000,556054,4,0.4444444444444444,0,14.839452028274536,737.8287677764893,0.0004584789276123047,0.0708768367767334,0.0016666972637176514,10000
52,168.48865,190.70972,801.0714285714286,nan,nan,nan,0,14,1508,11215,567269,4,0.36363636363636365,0,10.60561466217041,748.457585811615,0.0004630088806152344,0.023476362228393555,0.0008736337023125767,11215
53,209.7039,298.11548,1000.0,nan,nan,nan,0,10,1518,10000,577269,4,0.4444444444444444,0,9.497716903686523,757.9756000041962,0.00044989585876464844,0.024272441864013672,0.0008462505102157593,10000
54,291.22086,161.94464,934.25,nan,nan,nan,0,12,1530,11211,588480,4,0.4,0,13.232088088989258,771.2482726573944,0.00044226646423339844,0.05267953872680664,0.0008486307397831689,11211
55,269.62033,187.58963,897.1666666666666,nan,nan,nan,0,12,1542,10766,599246,4,0.4,1000.0,10.671270608901978,781.9635188579559,0.0004603862762451172,0.02621936798095703,0.000946156247362381,10766
56,278.04178,233.36766,856.25,nan,nan,nan,0,12,1554,10275,609521,4,0.45454545454545453,0,12.248679637908936,794.235592842102,0.00045680999755859375,0.023726463317871094,0.0008619727995563888,10275
57,283.39752,237.35124,1000.0,nan,nan,nan,0,10,1564,10000,619521,4,0.4444444444444444,0,10.283002138137817,804.5528237819672,0.0004649162292480469,0.02543950080871582,0.000854010534286499,10000
58,256.7958,248.97876,919.8333333333334,nan,nan,nan,0,12,1576,11038,630559,4,0.4,0,10.126919031143188,814.6962957382202,0.00046443939208984375,0.02272653579711914,0.000847138190403389,11038
59,278.5251,146.00227,989.6666666666666,nan,nan,nan,0,12,1588,11876,642435,4,0.4,0,12.405582427978516,827.1138017177582,0.0004553794860839844,0.024904727935791016,0.0008653169450795221,11876
60,237.64117,230.13628,934.1666666666666,nan,nan,nan,0,12,1600,11210,653645,4,0.4,0,9.686647415161133,836.8415277004242,0.0004546642303466797,0.023134469985961914,0.0008842616715035622,11210
61,243.52263,132.25525,883.1666666666666,nan,nan,nan,0,12,1612,10598,664243,4,0.4,0,12.24877381324768,849.1325490474701,0.0004630088806152344,0.026481151580810547,0.0008705053763201516,10598
62,277.29803,205.27023,1000.0,nan,nan,nan,0,10,1622,10000,674243,4,0.4444444444444444,0,10.772083044052124,859.9240505695343,0.00045609474182128906,0.022896289825439453,0.0008696077108383179,10000
63,247.65076,143.71486,927.3333333333334,nan,nan,nan,0,12,1634,11128,685371,4,0.4,0,9.612963199615479,869.5493900775909,0.00047326087951660156,0.023747682571411133,0.0008897675960548998,11128
64,105.392845,180.61009,924.1666666666666,nan,nan,nan,0,12,1646,11090,696461,4,0.4,0,12.074227094650269,881.634875535965,0.00044608116149902344,0.023955345153808594,0.0008478922925627478,11090
65,302.42773,197.7098,1000.0,nan,nan,nan,0,10,1656,10000,706461,4,0.4444444444444444,0,11.00497031211853,892.6519272327423,0.0004582405090332031,0.02494978904724121,0.0008636481761932373,10000
66,274.40863,190.91861,1000.0,nan,nan,nan,0,10,1666,10000,716461,4,0.4444444444444444,0,9.713492155075073,902.394602060318,0.0004596710205078125,0.023099184036254883,0.0008530592203140259,10000
67,299.77167,150.4267,1000.0,nan,nan,nan,0,10,1676,10000,726461,4,0.4444444444444444,0,10.607540130615234,913.0172305107117,0.00047326087951660156,0.029670000076293945,0.0007767079591751099,10000
68,235.63103,208.48837,1000.0,nan,nan,nan,0,10,1686,10000,736461,4,0.4444444444444444,0,10.355432033538818,923.3872520923615,0.00046062469482421875,0.026894330978393555,0.0008625924587249756,10000
69,280.54803,206.17029,1000.0,nan,nan,nan,0,10,1696,10000,746461,4,0.4444444444444444,0,11.285509824752808,934.6815612316132,0.0004630088806152344,0.028197288513183594,0.0008635173559188843,10000
70,370.8645,150.76831,1000.0,nan,nan,nan,0,10,1706,10000,756461,4,0.4444444444444444,0,9.804969787597656,944.5122807025909,0.00046563148498535156,0.02559518814086914,0.0008650598526000977,10000
71,241.49199,216.10551,1000.0,nan,nan,nan,0,10,1716,10000,766461,4,0.4444444444444444,0,11.10274076461792,955.637529373169,0.0004584789276123047,0.04113149642944336,0.0009020978689193726,10000
72,236.5064,236.02528,996.9166666666666,nan,nan,nan,0,12,1728,11963,778424,4,0.4,0,14.338716506958008,970.0192704200745,0.00046324729919433594,0.028566598892211914,0.000952662786273148,11963
73,261.146,270.87558,1000.0,nan,nan,nan,0,10,1738,10000,788424,4,0.4444444444444444,0,10.011772632598877,980.059573173523,0.0004570484161376953,0.025819063186645508,0.0009069749355316162,10000
74,303.98526,146.78452,1000.0,nan,nan,nan,0,10,1748,10000,798424,4,0.4444444444444444,0,10.904011487960815,990.9938168525696,0.0004596710205078125,0.025976181030273438,0.0008762993812561035,10000
75,330.65402,249.55157,1000.0,nan,nan,nan,0,10,1758,10000,808424,4,0.4444444444444444,1000.0,10.070040941238403,1001.102352142334,0.00044727325439453125,0.02538132667541504,0.0008662898063659669,10000
76,390.01346,146.4897,1000.0,nan,nan,nan,0,10,1768,10000,818424,4,0.4444444444444444,1000.0,11.01026177406311,1012.1253771781921,0.00045371055603027344,0.023577213287353516,0.000846962308883667,10000
77,475.16577,138.15318,1000.0,nan,nan,nan,0,10,1778,10000,828424,4,0.4444444444444444,0,9.842601776123047,1022.0014417171478,0.00045752525329589844,0.02304983139038086,0.0008630455732345581,10000
78,195.13458,175.5504,1000.0,nan,nan,nan,0,10,1788,10000,838424,4,0.4444444444444444,0,11.145101547241211,1033.1566696166992,0.0004634857177734375,0.02318716049194336,0.0008767769575119018,10000
79,280.5132,122.22989,1000.0,nan,nan,nan,0,10,1798,10000,848424,4,0.4444444444444444,0,10.063389301300049,1043.2403962612152,0.00046181678771972656,0.025089025497436523,0.0008695191860198974,10000
80,288.26932,211.11768,1000.0,nan,nan,nan,0,10,1808,10000,858424,4,0.4444444444444444,0,9.824891090393066,1053.1055314540863,0.0004603862762451172,0.02469921112060547,0.0008480822086334228,10000
81,342.8966,184.53242,936.1666666666666,nan,nan,nan,0,12,1820,11234,869658,4,0.4,0,11.974051475524902,1065.0981805324554,0.00042939186096191406,0.036527395248413086,0.0009028900554644079,11234
82,195.37354,231.15291,1000.0,nan,nan,nan,0,10,1830,10000,879658,4,0.4444444444444444,0,12.332918405532837,1077.460956811905,0.0004570484161376953,0.04818153381347656,0.0009645045518875122,10000
83,172.45474,282.898,1000.0,571.2175,0.0,1000.0,1,10,1840,10000,889658,4,0.4444444444444444,0,10.366307258605957,1087.8384628295898,0.00045990943908691406,0.025351285934448242,0.0008605911081487483,11000
84,282.85034,167.1739,985.8333333333334,nan,nan,nan,0,12,1852,11830,901488,4,0.4,0,10.967786073684692,1098.833251953125,0.0004661083221435547,0.023861408233642578,0.0008908461839187377,11830
85,283.0358,177.4798,1000.0,nan,nan,nan,0,10,1862,10000,911488,4,0.4444444444444444,0,10.951081275939941,1109.81214761734,0.0004622936248779297,0.023682117462158203,0.0008537903070449829,10000
86,322.49094,176.88223,1000.0,nan,nan,nan,0,10,1872,10000,921488,4,0.4444444444444444,1000.0,11.39102578163147,1121.2166047096252,0.0004584789276123047,0.028344392776489258,0.0008833829402923583,10000
87,202.16927,210.22902,1000.0,nan,nan,nan,0,10,1882,10000,931488,4,0.4444444444444444,0,10.09840989112854,1131.3257443904877,0.0004677772521972656,0.023182153701782227,0.0008708394050598145,10000
88,191.09612,148.29791,947.6666666666666,nan,nan,nan,0,12,1894,11372,942860,4,0.4,0,11.733972787857056,1143.0745730400085,0.0004162788391113281,0.02582240104675293,0.000856687978166868,11372
89,303.38004,269.97342,1000.0,nan,nan,nan,0,10,1904,10000,952860,4,0.4444444444444444,0,10.510526895523071,1153.6147165298462,0.00045371055603027344,0.023169994354248047,0.0008567751169204712,10000
90,288.24136,186.30396,1000.0,nan,nan,nan,0,10,1914,10000,962860,4,0.4444444444444444,0,10.024537324905396,1163.668375968933,0.0004470348358154297,0.025124073028564453,0.000869810938835144,10000
91,289.10623,145.06898,1000.0,nan,nan,nan,0,10,1924,10000,972860,4,0.4444444444444444,0,9.681381702423096,1173.3774981498718,0.0004508495330810547,0.02708601951599121,0.0008660061120986938,10000
92,340.24564,190.40051,1000.0,nan,nan,nan,0,10,1934,10000,982860,4,0.4444444444444444,0,11.85416555404663,1185.2537143230438,0.000461578369140625,0.023018836975097656,0.0008688397884368896,10000
93,345.08487,199.86208,1000.0,nan,nan,nan,0,10,1944,10000,992860,4,0.4444444444444444,1000.0,10.429365873336792,1195.696579694748,0.0004668235778808594,0.02466750144958496,0.0008925853967666626,10000
94,366.56348,206.82889,1000.0,nan,nan,nan,0,10,1954,10000,1002860,4,0.4444444444444444,0,10.248900413513184,1205.961840391159,0.0004627704620361328,0.02471137046813965,0.0008497994899749756,10000
95,244.37442,228.57802,1000.0,nan,nan,nan,0,10,1964,10000,1012860,4,0.4444444444444444,0,10.54884648323059,1216.5267536640167,0.0004477500915527344,0.027306556701660156,0.001044302487373352,10000
96,357.04858,226.84555,1000.0,nan,nan,nan,0,10,1974,10000,1022860,4,0.4444444444444444,0,12.818559646606445,1229.355962753296,0.00046062469482421875,0.032187461853027344,0.000888221287727356,10000
97,288.39197,134.64413,1000.0,nan,nan,nan,0,10,1984,10000,1032860,4,0.4444444444444444,0,9.54706621170044,1238.9132566452026,0.00045680999755859375,0.025459766387939453,0.0008589781999588013,10000
98,275.9778,230.81624,1000.0,nan,nan,nan,0,10,1994,10000,1042860,4,0.4444444444444444,0,10.224493980407715,1249.17258810997,0.0004527568817138672,0.030201435089111328,0.0008592889070510864,10000
99,418.7627,126.91138,1000.0,nan,nan,nan,0,10,2004,10000,1052860,4,0.4444444444444444,0,9.40708303451538,1258.5983319282532,0.00046896934509277344,0.02312469482421875,0.0008582427024841308,10000
100,290.77914,166.17296,1000.0,nan,nan,nan,0,10,2014,10000,1062860,4,0.4444444444444444,0,12.532550811767578,1271.1530380249023,0.00046896934509277344,0.025288105010986328,0.0008656493902206421,10000
101,326.1727,154.51932,1000.0,nan,nan,nan,0,10,2024,10000,1072860,4,0.4444444444444444,0,10.165299892425537,1281.3297929763794,0.0004673004150390625,0.02296161651611328,0.0008606076955795288,10000
102,316.50684,191.165,1000.0,nan,nan,nan,0,10,2034,10000,1082860,4,0.4444444444444444,0,9.976583480834961,1291.317438840866,0.00046634674072265625,0.023150205612182617,0.0008756715297698975,10000
103,295.4754,144.59229,1000.0,nan,nan,nan,0,10,2044,10000,1092860,4,0.4444444444444444,0,9.778806447982788,1301.1071610450745,0.00046515464782714844,0.024389982223510742,0.0008605249404907226,10000
104,290.17413,209.84595,1000.0,nan,nan,nan,0,10,2054,10000,1102860,4,0.4444444444444444,0,12.094064950942993,1313.2148625850677,0.00046181678771972656,0.023415088653564453,0.000901686978340149,10000
105,196.94106,134.12996,1000.0,nan,nan,nan,0,10,2064,10000,1112860,4,0.4444444444444444,0,10.88752555847168,1324.125789642334,0.00046896934509277344,0.026117324829101562,0.0008659530639648438,10000
106,275.5038,237.2126,922.5,nan,nan,nan,0,12,2076,11070,1123930,4,0.4,1000.0,9.909787893295288,1334.0505962371826,0.0004563331604003906,0.03211617469787598,0.0008426698996553361,11070
107,368.15463,201.20712,1000.0,nan,nan,nan,0,10,2086,10000,1133930,4,0.4444444444444444,1000.0,11.098572015762329,1345.17103099823,0.0004630088806152344,0.023252010345458984,0.0008652213096618653,10000
108,276.4548,214.51596,932.4166666666666,nan,nan,nan,0,12,2098,11189,1145119,4,0.4,0,10.211496591567993,1355.4020121097565,0.0004513263702392578,0.023615360260009766,0.0008823390897279856,11189
109,287.76987,197.68932,926.4166666666666,nan,nan,nan,0,12,2110,11117,1156236,4,0.4,0,11.644126415252686,1367.0575923919678,0.0004601478576660156,0.023026704788208008,0.0008598239535295439,11117
110,216.34583,227.65157,1000.0,nan,nan,nan,0,10,2120,10000,1166236,4,0.4444444444444444,1000.0,11.386817216873169,1378.4547865390778,0.0004601478576660156,0.03240180015563965,0.0008609643936157227,10000
111,356.24954,234.99571,1000.0,nan,nan,nan,0,10,2130,10000,1176236,4,0.4444444444444444,0,9.444725275039673,1387.9286427497864,0.00045990943908691406,0.023300886154174805,0.0008722198963165283,10000
112,182.48024,126.537506,894.0833333333334,nan,nan,nan,0,12,2142,10729,1186965,4,0.4,0,12.09092903137207,1400.046662569046,0.0004589557647705078,0.023505210876464844,0.0008686423046145126,10729
113,324.326,187.97417,1000.0,nan,nan,nan,0,10,2152,10000,1196965,4,0.4444444444444444,0,9.689835548400879,1409.7531425952911,0.00045680999755859375,0.02379465103149414,0.0008621011734008789,10000
114,337.4194,234.61478,968.0,nan,nan,nan,0,12,2164,11616,1208581,4,0.4,0,10.985631704330444,1420.7522387504578,0.00045943260192871094,0.03949785232543945,0.0008702495702370467,11616
115,261.774,226.44437,1000.0,nan,nan,nan,0,10,2174,10000,1218581,4,0.4444444444444444,0,11.377492427825928,1432.1571688652039,0.000457763671875,0.023881912231445312,0.0008544529914855957,10000
116,246.08662,233.7122,1000.0,nan,nan,nan,0,10,2184,10000,1228581,4,0.4444444444444444,0,10.218117475509644,1442.3896780014038,0.00046443939208984375,0.023224592208862305,0.0008555900335311889,10000
117,331.38535,163.80803,970.0833333333334,nan,nan,nan,0,12,2196,11641,1240222,4,0.4,0,11.511860847473145,1453.9304959774017,0.0004603862762451172,0.03602027893066406,0.0008688905109870517,11641
118,388.74335,182.61467,1000.0,nan,nan,nan,0,10,2206,10000,1250222,4,0.4444444444444444,0,10.81752872467041,1464.7680051326752,0.0004677772521972656,0.02567768096923828,0.0008578909158706665,10000
119,278.2818,185.15994,1000.0,nan,nan,nan,0,10,2216,10000,1260222,4,0.4444444444444444,0,9.593881845474243,1474.3738780021667,0.00045800209045410156,0.02390146255493164,0.0008691757678985595,10000
120,271.0639,160.45747,1000.0,nan,nan,nan,0,10,2226,10000,1270222,4,0.4444444444444444,0,10.804529666900635,1485.199524641037,0.0004475116729736328,0.024638652801513672,0.0008614971160888672,10000
121,323.49103,221.30266,1000.0,nan,nan,nan,0,10,2236,10000,1280222,4,0.4444444444444444,0,10.56537413597107,1495.7781841754913,0.00046753883361816406,0.02398371696472168,0.0008572540521621704,10000
122,368.43726,174.8084,930.4166666666666,nan,nan,nan,0,12,2248,11165,1291387,4,0.4,0,10.767960548400879,1506.5703842639923,0.00045561790466308594,1.0288653373718262,0.0009778866253249377,11165
123,313.90488,182.81812,1000.0,nan,nan,nan,0,10,2258,10000,1301387,4,0.4444444444444444,0,12.592171430587769,1519.1825852394104,0.000457763671875,0.023035764694213867,0.0008885196208953857,10000
124,297.39832,221.35526,1000.0,nan,nan,nan,0,10,2268,10000,1311387,4,0.4444444444444444,0,10.345082759857178,1529.538987159729,0.0004553794860839844,0.02575063705444336,0.0008671272277832031,10000
125,399.41605,113.49744,1000.0,nan,nan,nan,0,10,2278,10000,1321387,4,0.375,0,9.468120574951172,1539.031272649765,0.00046181678771972656,0.02975606918334961,0.000873772120475769,10000
126,325.231,209.54248,1000.0,nan,nan,nan,0,10,2288,10000,1331387,4,0.4444444444444444,0,11.983612537384033,1551.0434691905975,0.0004608631134033203,0.061009883880615234,0.0010364332914352416,10000
127,189.4067,189.43628,1000.0,nan,nan,nan,0,10,2298,10000,1341387,4,0.4444444444444444,0,10.53580904006958,1561.6108117103577,0.0004527568817138672,0.03288149833679199,0.000871443510055542,10000
128,401.5793,214.45702,961.5833333333334,nan,nan,nan,0,12,2310,11539,1352926,4,0.4,1000.0,12.229225873947144,1573.849720954895,0.00046634674072265625,0.02570033073425293,0.0008524671069091564,11539
129,291.0511,271.1846,1000.0,nan,nan,nan,0,10,2320,10000,1362926,4,0.4444444444444444,0,9.831980466842651,1583.7094585895538,0.00046443939208984375,0.025768518447875977,0.0008635934352874756,10000
130,255.77283,179.80417,1000.0,nan,nan,nan,0,10,2330,10000,1372926,4,0.4444444444444444,1000.0,11.076639652252197,1594.8123919963837,0.0004591941833496094,0.02390885353088379,0.0008826609611511231,10000
131,303.94766,142.38513,1000.0,nan,nan,nan,0,10,2340,10000,1382926,4,0.4444444444444444,0,9.7961905002594,1604.6270360946655,0.0004496574401855469,0.02545475959777832,0.0008650233030319214,10000
132,299.10065,99.94308,1000.0,nan,nan,nan,0,10,2350,10000,1392926,4,0.4444444444444444,0,11.50963306427002,1616.1650137901306,0.0004603862762451172,0.023560285568237305,0.000868152904510498,10000
133,334.98242,166.39069,945.25,nan,nan,nan,0,12,2362,11343,1404269,4,0.4,0,11.525641202926636,1627.7140018939972,0.0004630088806152344,0.02470254898071289,0.0008477334842515415,11343
134,266.03812,194.71042,1000.0,nan,nan,nan,0,10,2372,10000,1414269,4,0.4444444444444444,0,9.709610223770142,1637.449405670166,0.0004591941833496094,0.02729630470275879,0.0008603187322616577,10000
135,406.0156,187.11775,1000.0,nan,nan,nan,0,10,2382,10000,1424269,4,0.4444444444444444,0,9.66545295715332,1647.1247389316559,0.00045871734619140625,0.023252487182617188,0.0008590068340301514,10000
136,302.9929,226.30043,1000.0,nan,nan,nan,0,10,2392,10000,1434269,4,0.4444444444444444,0,11.581192016601562,1658.7168924808502,0.0004343986511230469,0.023328781127929688,0.0008722855806350708,10000
137,341.4725,224.11862,987.75,nan,nan,nan,0,12,2404,11853,1446122,4,0.4,0,11.297199010848999,1670.0561323165894,0.0004603862762451172,0.023581981658935547,0.0008442678461997688,11853
138,333.17282,159.83609,1000.0,nan,nan,nan,0,10,2414,10000,1456122,4,0.4444444444444444,1000.0,10.084894180297852,1680.1628739833832,0.00046753883361816406,0.02398538589477539,0.0008812003374099732,10000
139,388.98157,122.364365,1000.0,nan,nan,nan,0,10,2424,10000,1466122,4,0.4444444444444444,0,11.262245416641235,1691.4459273815155,0.00045418739318847656,0.025929689407348633,0.0008739607572555542,10000
140,379.19318,219.55176,1000.0,nan,nan,nan,0,10,2434,10000,1476122,4,0.4444444444444444,0,10.940788745880127,1702.3967537879944,0.0004591941833496094,0.024010658264160156,0.0008635589599609375,10000
141,355.05682,187.94865,1000.0,nan,nan,nan,0,10,2444,10000,1486122,4,0.4444444444444444,0,9.566864967346191,1711.9774940013885,0.0004596710205078125,0.02824854850769043,0.0008720542430877686,10000
142,345.54694,227.34962,1000.0,nan,nan,nan,0,10,2454,10000,1496122,4,0.4444444444444444,1000.0,9.891918182373047,1721.8934671878815,0.0004582405090332031,0.02534961700439453,0.0008683554649353027,10000
143,335.83844,319.4108,1000.0,nan,nan,nan,0,10,2464,10000,1506122,4,0.4444444444444444,1000.0,11.23823881149292,1733.1519057750702,0.0004680156707763672,0.02472686767578125,0.000827087140083313,10000
144,210.48393,173.42917,1000.0,nan,nan,nan,0,10,2474,10000,1516122,4,0.4444444444444444,0,11.031618595123291,1744.2154865264893,0.00045418739318847656,0.023298263549804688,0.0008674265384674072,10000
145,336.18457,218.0375,1000.0,nan,nan,nan,0,10,2484,10000,1526122,4,0.4444444444444444,0,9.75276780128479,1753.9853057861328,0.0004684925079345703,0.02506399154663086,0.0008816256523132324,10000
146,353.5226,203.63445,921.9166666666666,nan,nan,nan,0,12,2496,11063,1537185,4,0.4,0,11.890715837478638,1765.890949010849,0.00045228004455566406,0.02347254753112793,0.0008572337102213314,11063
147,376.2689,137.13626,1000.0,nan,nan,nan,0,10,2506,10000,1547185,4,0.4444444444444444,0,9.81024169921875,1775.728584766388,0.00045371055603027344,0.02347254753112793,0.000871019434928894,10000
148,333.7979,250.3223,1000.0,nan,nan,nan,0,10,2516,10000,1557185,4,0.4444444444444444,0,10.74687671661377,1786.4906432628632,0.0004677772521972656,0.022950172424316406,0.0008494422197341919,10000
149,511.3899,124.72166,1000.0,nan,nan,nan,0,10,2526,10000,1567185,4,0.4444444444444444,0,10.051635026931763,1796.5529353618622,0.0004572868347167969,0.023539304733276367,0.0008913901567459107,10000
150,279.92328,267.96283,1000.0,nan,nan,nan,0,10,2536,10000,1577185,4,0.4444444444444444,0,11.352961540222168,1807.9165399074554,0.0004451274871826172,0.026398658752441406,0.0008530553340911865,10000
151,238.2799,126.50481,1000.0,nan,nan,nan,0,10,2546,10000,1587185,4,0.4444444444444444,0,10.22132658958435,1818.1479358673096,0.00046443939208984375,0.0245361328125,0.000880648946762085,10000
152,382.00424,215.8102,1000.0,nan,nan,nan,0,10,2556,10000,1597185,4,0.4444444444444444,0,10.81926679611206,1828.9917323589325,0.0004570484161376953,0.027945756912231445,0.0008687505960464477,10000
153,328.00092,193.43898,1000.0,nan,nan,nan,0,10,2566,10000,1607185,4,0.4444444444444444,0,10.222094774246216,1839.2402036190033,0.0004508495330810547,0.026075124740600586,0.0008656944990158081,10000
154,322.36203,206.38501,991.3333333333334,nan,nan,nan,0,12,2578,11896,1619081,4,0.4,0,11.763095378875732,1851.0145137310028,0.0004582405090332031,0.042920589447021484,0.000862035562147129,11896
155,374.72595,198.3441,918.3333333333334,nan,nan,nan,0,12,2590,11020,1630101,4,0.4,0,10.758852005004883,1861.8015942573547,0.00046706199645996094,0.02460312843322754,0.0008850872192105884,11020
156,385.72385,292.47803,950.5,nan,nan,nan,0,12,2602,11406,1641507,4,0.4,0,12.681237936019897,1874.5170361995697,0.0004661083221435547,0.024547815322875977,0.0008607376004318888,11406
157,421.73837,263.58304,1000.0,nan,nan,nan,0,10,2612,10000,1651507,4,0.4444444444444444,0,9.524437665939331,1884.0571539402008,0.0004546642303466797,0.0236666202545166,0.000854790997505188,10000
158,249.58379,179.91856,925.1666666666666,nan,nan,nan,0,12,2624,11102,1662609,4,0.4,0,10.542449235916138,1894.6262094974518,0.00046443939208984375,0.025341510772705078,0.0008790097222030109,11102
159,387.50397,131.79535,1000.0,nan,nan,nan,0,10,2634,10000,1672609,4,0.4444444444444444,0,11.833499431610107,1906.4760038852692,0.0004627704620361328,0.023102521896362305,0.0008518906354904175,10000
160,308.93573,215.66765,941.5,nan,nan,nan,0,12,2646,11298,1683907,4,0.4,0,11.923412084579468,1918.4140329360962,0.00045752525329589844,0.029280900955200195,0.001238383282853726,11298
161,303.10333,239.0189,1000.0,nan,nan,nan,0,10,2656,10000,1693907,4,0.4444444444444444,0,11.011010646820068,1929.4588618278503,0.0004603862762451172,0.07954645156860352,0.0008843763351440429,10000
162,483.864,191.41125,1000.0,nan,nan,nan,0,10,2666,10000,1703907,4,0.4444444444444444,0,11.150705814361572,1940.6342432498932,0.00045490264892578125,0.02282428741455078,0.0008546714067459106,10000
163,396.6284,119.859924,1000.0,nan,nan,nan,0,10,2676,10000,1713907,4,0.4444444444444444,1000.0,11.664297580718994,1952.3110494613647,0.00040078163146972656,0.0240170955657959,0.0010580221176147461,10000
164,327.72385,204.99593,1000.0,nan,nan,nan,0,10,2686,10000,1723907,4,0.4444444444444444,0,10.104389429092407,1962.4409437179565,0.0004570484161376953,0.027370452880859375,0.0008565160751342774,10000
165,321.84842,207.07541,864.4166666666666,nan,nan,nan,0,12,2698,10373,1734280,4,0.4,0,11.672505855560303,1974.1242167949677,0.00045800209045410156,0.023298025131225586,0.0008591881577975263,10373
166,312.25473,266.9459,1000.0,nan,nan,nan,0,10,2708,10000,1744280,4,0.4444444444444444,0,9.847579717636108,1984.0116775035858,0.0004630088806152344,0.028124570846557617,0.0008717446088790893,10000
167,457.8937,141.8731,1000.0,nan,nan,nan,0,10,2718,10000,1754280,4,0.4444444444444444,0,10.476665258407593,1994.4984118938446,0.0004622936248779297,0.02380204200744629,0.0008687487125396729,10000
168,241.6342,213.84818,939.6666666666666,nan,nan,nan,0,12,2730,11276,1765556,4,0.4,0,12.552343130111694,2007.0700159072876,0.00046133995056152344,0.027640581130981445,0.0008685041209745593,11276
169,345.4177,231.08394,1000.0,nan,nan,nan,0,10,2740,10000,1775556,4,0.4444444444444444,0,9.505165576934814,2016.604961156845,0.0004608631134033203,0.024768829345703125,0.0008474472284317017,10000
170,442.0468,154.76643,1000.0,nan,nan,nan,0,10,2750,10000,1785556,4,0.4444444444444444,0,11.742868900299072,2028.3633916378021,0.0004620552062988281,0.14191174507141113,0.0011502756118774414,10000
171,461.9794,233.25514,1000.0,nan,nan,nan,0,10,2760,10000,1795556,4,0.4444444444444444,0,11.33451509475708,2039.7090072631836,0.0004627704620361328,0.02559804916381836,0.0008834923982620239,10000
172,327.14212,190.73915,1000.0,nan,nan,nan,0,10,2770,10000,1805556,4,0.4444444444444444,0,12.935205221176147,2052.66965174675,0.00044226646423339844,0.025928020477294922,0.000886079478263855,10000
173,334.64536,144.76442,1000.0,nan,nan,nan,0,10,2780,10000,1815556,4,0.4444444444444444,0,9.427554368972778,2062.1083970069885,0.0004565715789794922,0.024535417556762695,0.0008742086172103882,10000
174,426.54156,197.74388,1000.0,nan,nan,nan,0,10,2790,10000,1825556,4,0.4444444444444444,0,9.482697248458862,2071.602793455124,0.00046515464782714844,0.023503780364990234,0.000876680850982666,10000
175,381.49634,155.38565,1000.0,nan,nan,nan,0,10,2800,10000,1835556,4,0.4444444444444444,0,10.259942531585693,2081.872224330902,0.0004639625549316406,0.027602195739746094,0.0008542341709136963,10000
176,349.64948,287.8169,1000.0,nan,nan,nan,0,10,2810,10000,1845556,4,0.4444444444444444,0,12.743180990219116,2094.6268072128296,0.0004673004150390625,0.02432107925415039,0.0008626034021377563,10000
177,420.41925,123.78754,1000.0,nan,nan,nan,0,10,2820,10000,1855556,4,0.4444444444444444,0,9.313048839569092,2103.975762605667,0.0004355907440185547,0.025941133499145508,0.0008631052017211914,10000
178,469.08707,198.91576,1000.0,nan,nan,nan,0,10,2830,10000,1865556,4,0.4444444444444444,0,9.69851040840149,2113.6931047439575,0.0004658699035644531,0.023844480514526367,0.0008829946994781495,10000
179,456.74335,193.89243,1000.0,nan,nan,nan,0,10,2840,10000,1875556,4,0.4444444444444444,0,9.813366889953613,2123.536812067032,0.0004277229309082031,0.023534059524536133,0.0008589841842651367,10000
180,299.38538,208.88863,1000.0,nan,nan,nan,0,10,2850,10000,1885556,4,0.4444444444444444,0,13.203320503234863,2136.7613484859467,0.0004591941833496094,0.026215076446533203,0.0008534150362014771,10000
181,346.07635,154.56711,1000.0,nan,nan,nan,0,10,2860,10000,1895556,4,0.4444444444444444,0,9.439440727233887,2146.219087600708,0.00044345855712890625,0.02649378776550293,0.0008778619289398193,10000
182,365.6756,193.01318,1000.0,nan,nan,nan,0,10,2870,10000,1905556,4,0.375,0,10.43702507019043,2156.6705412864685,0.0004611015319824219,0.02852773666381836,0.0009829736232757568,10000
183,359.18024,142.54227,1000.0,nan,nan,nan,0,10,2880,10000,1915556,4,0.4444444444444444,0,9.758610486984253,2166.460483312607,0.0004591941833496094,0.028007984161376953,0.0008526478290557862,10000
184,516.11194,88.587006,1000.0,nan,nan,nan,0,10,2890,10000,1925556,4,0.5,0,13.581173181533813,2180.0515184402466,0.00046634674072265625,0.02366185188293457,0.0008875480890274047,10000
185,404.70575,139.69691,1000.0,nan,nan,nan,0,10,2900,10000,1935556,4,0.4444444444444444,0,11.216461420059204,2191.2881479263306,0.00046634674072265625,0.023386478424072266,0.0010567950963974,10000
186,418.0625,157.63359,1000.0,nan,nan,nan,0,10,2910,10000,1945556,4,0.4444444444444444,0,10.372703075408936,2201.671195268631,0.0004661083221435547,0.02873706817626953,0.0010041555404663085,10000
187,379.41956,192.05362,1000.0,nan,nan,nan,0,10,2920,10000,1955556,4,0.4444444444444444,0,10.258422613143921,2211.9555246829987,0.00046896934509277344,0.024688243865966797,0.0009087588310241699,10000
188,286.9267,189.24918,1000.0,nan,nan,nan,0,10,2930,10000,1965556,4,0.4444444444444444,0,13.121433019638062,2225.095897912979,0.0004608631134033203,0.024951934814453125,0.0008701276063919067,10000
189,439.50888,190.34573,1000.0,nan,nan,nan,0,10,2940,10000,1975556,4,0.4444444444444444,0,9.626272201538086,2234.732820749283,0.0004627704620361328,0.025423288345336914,0.0008587744951248169,10000
190,395.65573,193.68848,1000.0,nan,nan,nan,0,10,2950,10000,1985556,4,0.4444444444444444,0,9.812857151031494,2244.555115222931,0.0004508495330810547,0.05010104179382324,0.0008686554908752442,10000
191,355.7825,200.4055,928.3333333333334,nan,nan,nan,0,12,2962,11140,1996696,4,0.4,0,11.421648502349854,2255.987963914871,0.0004622936248779297,0.024126052856445312,0.0008727917765372532,11140
192,377.98785,200.42941,1000.0,nan,nan,nan,0,10,2972,10000,2006696,4,0.4444444444444444,0,10.6641104221344,2266.6773159503937,0.00045490264892578125,0.025253772735595703,0.0008623871564865112,10000
193,361.55103,140.70578,1000.0,nan,nan,nan,0,10,2982,10000,2016696,4,0.4444444444444444,0,10.611387252807617,2277.3072023391724,0.0004470348358154297,0.02669548988342285,0.0008960264921188354,10000
194,415.99628,130.57367,1000.0,nan,nan,nan,0,10,2992,10000,2026696,4,0.4444444444444444,0,9.99100112915039,2287.3132932186127,0.00046324729919433594,0.026406526565551758,0.0008536520004272461,10000
195,282.01288,313.56494,1000.0,nan,nan,nan,0,10,3002,10000,2036696,4,0.4444444444444444,0,11.088581085205078,2298.4284040927887,0.0004601478576660156,0.026273012161254883,0.000863087272644043,10000
196,325.7449,131.87117,1000.0,nan,nan,nan,0,10,3012,10000,2046696,4,0.4444444444444444,0,10.575039148330688,2309.0268585681915,0.0004646778106689453,0.024468660354614258,0.0008629080295562744,10000
197,318.07178,197.93939,1000.0,nan,nan,nan,0,10,3022,10000,2056696,4,0.4444444444444444,0,10.3654043674469,2319.4042208194733,0.00046181678771972656,0.02564692497253418,0.000877267861366272,10000
198,499.0284,147.31644,1000.0,nan,nan,nan,0,10,3032,10000,2066696,4,0.4444444444444444,0,10.362208843231201,2329.800674676895,0.0004673004150390625,0.02397632598876953,0.000849931526184082,10000
199,406.07025,186.69266,1000.0,nan,nan,nan,0,10,3042,10000,2076696,4,0.4444444444444444,0,10.447357654571533,2340.2577805519104,0.00046443939208984375,0.023096561431884766,0.0007954340934753418,10000
200,340.28546,233.88841,1000.0,nan,nan,nan,0,10,3052,10000,2086696,4,0.4444444444444444,0,10.340340614318848,2350.6167352199554,0.0004546642303466797,0.02368330955505371,0.0008886008501052857,10000
201,206.83142,207.31763,1000.0,nan,nan,nan,0,10,3062,10000,2096696,4,0.4444444444444444,0,9.691919088363647,2360.3193185329437,0.00047135353088378906,0.024776935577392578,0.0008512710094451904,10000
202,302.86783,215.61987,1000.0,509.46762,0.0,1000.0,1,10,3072,10000,2106696,4,0.4444444444444444,0,12.458197593688965,2372.7905147075653,0.0004677772521972656,0.02350759506225586,0.0008534602685408159,11000
203,514.5227,185.75357,957.9166666666666,nan,nan,nan,0,12,3084,11495,2118191,4,0.4,0,10.516151428222656,2383.3502571582794,0.000457763671875,0.02445197105407715,0.0008617918405288092,11495
204,315.76373,234.07513,1000.0,nan,nan,nan,0,10,3094,10000,2128191,4,0.4444444444444444,0,10.054120302200317,2393.4163722991943,0.00046443939208984375,0.022885799407958984,0.0008844447612762451,10000
205,377.90598,130.74228,930.0833333333334,nan,nan,nan,0,12,3106,11161,2139352,4,0.4,0,11.0024995803833,2404.4370052814484,0.00046253204345703125,0.026567697525024414,0.0008751847241773111,11161
206,337.48572,333.7093,1000.0,nan,nan,nan,0,10,3116,10000,2149352,4,0.4444444444444444,0,11.605834245681763,2416.0583848953247,0.0004661083221435547,0.024994611740112305,0.000868763017654419,10000
207,278.63763,250.45932,1000.0,nan,nan,nan,0,10,3126,10000,2159352,4,0.4444444444444444,0,12.328638553619385,2428.4084029197693,0.0004634857177734375,0.024453163146972656,0.0011342759132385253,10000
208,367.98282,184.85892,1000.0,nan,nan,nan,0,10,3136,10000,2169352,4,0.4444444444444444,1000.0,15.9353346824646,2444.3611710071564,0.0004668235778808594,0.03382229804992676,0.0017591417312622071,10000
209,429.10052,272.2237,1000.0,nan,nan,nan,0,10,3146,10000,2179352,4,0.4444444444444444,0,14.962205171585083,2459.3558242321014,0.00039768218994140625,0.05316424369812012,0.0016665615558624268,10000
210,363.50082,180.5681,1000.0,nan,nan,nan,0,10,3156,10000,2189352,4,0.4444444444444444,0,17.819316387176514,2477.1978929042816,0.0004208087921142578,0.040894269943237305,0.001992670178413391,10000
211,418.77548,251.00146,1000.0,nan,nan,nan,0,10,3166,10000,2199352,4,0.4444444444444444,0,14.706090450286865,2491.9250547885895,0.0004062652587890625,0.0388188362121582,0.0016704169750213623,10000
212,428.46127,143.2393,1000.0,nan,nan,nan,0,10,3176,10000,2209352,4,0.4444444444444444,0,12.039385080337524,2503.97558426857,0.0004191398620605469,0.03480792045593262,0.0010038302421569824,10000
213,555.7793,176.7145,1000.0,nan,nan,nan,0,10,3186,10000,2219352,4,0.4444444444444444,0,10.51390290260315,2514.528516769409,0.00039386749267578125,0.024298429489135742,0.0008929754495620727,10000
214,575.46765,157.0383,1000.0,nan,nan,nan,0,10,3196,10000,2229352,4,0.4444444444444444,0,11.696133136749268,2526.2438888549805,0.00046062469482421875,0.025157451629638672,0.000861181640625,10000
215,359.27805,243.31401,1000.0,nan,nan,nan,0,10,3206,10000,2239352,4,0.4444444444444444,0,9.4382004737854,2535.7140805721283,0.00044846534729003906,0.03800082206726074,0.0008745607376098633,10000
216,429.85092,242.8562,1000.0,nan,nan,nan,0,10,3216,10000,2249352,4,0.4444444444444444,1000.0,10.319949626922607,2546.0675773620605,0.00045871734619140625,0.023421764373779297,0.0008627298831939697,10000
217,453.96045,228.35771,1000.0,nan,nan,nan,0,10,3226,10000,2259352,4,0.4444444444444444,0,10.533974409103394,2556.635985136032,0.00047087669372558594,0.03533768653869629,0.0008530232191085815,10000
218,304.68777,254.87195,1000.0,nan,nan,nan,0,10,3236,10000,2269352,4,0.4444444444444444,1000.0,11.55587124824524,2568.214184522629,0.00046706199645996094,0.024854421615600586,0.0008865904808044434,10000
219,169.5409,215.67279,1000.0,nan,nan,nan,0,10,3246,10000,2279352,4,0.4444444444444444,0,9.73826003074646,2577.9718322753906,0.0004591941833496094,0.02284073829650879,0.0008604423522949219,10000
220,308.37216,156.84729,1000.0,nan,nan,nan,0,10,3256,10000,2289352,4,0.4444444444444444,0,9.794897317886353,2587.8009502887726,0.0004558563232421875,0.023631811141967773,0.0008497898101806641,10000
221,362.04282,95.6676,1000.0,nan,nan,nan,0,10,3266,10000,2299352,4,0.4444444444444444,0,11.385645389556885,2599.20889043808,0.00041222572326660156,0.02386474609375,0.0009655737638473511,10000
222,393.9819,228.40167,1000.0,nan,nan,nan,0,10,3276,10000,2309352,4,0.4444444444444444,0,11.474156141281128,2610.694355249405,0.00045943260192871094,0.026934146881103516,0.0008578983306884766,10000
223,503.70074,285.45938,1000.0,nan,nan,nan,0,10,3286,10000,2319352,4,0.4444444444444444,0,11.295928955078125,2622.007090330124,0.00047516822814941406,0.025708436965942383,0.001173354196548462,10000
224,302.18826,280.5961,1000.0,nan,nan,nan,0,10,3296,10000,2329352,4,0.375,0,11.032427310943604,2633.0543580055237,0.0004737377166748047,0.05498337745666504,0.0011196151733398438,10000
225,396.26483,184.12903,1000.0,nan,nan,nan,0,10,3306,10000,2339352,4,0.4444444444444444,0,11.206859111785889,2644.2801842689514,0.00045752525329589844,0.02534651756286621,0.0009267664909362794,10000
226,412.2569,283.11844,1000.0,nan,nan,nan,0,10,3316,10000,2349352,4,0.4444444444444444,0,12.835636377334595,2657.142101049423,0.00047779083251953125,0.03625893592834473,0.0010544395923614502,10000
227,303.51978,190.45802,1000.0,nan,nan,nan,0,10,3326,10000,2359352,4,0.4444444444444444,0,13.451428890228271,2670.64049744606,0.00047278404235839844,0.031119823455810547,0.001116206479072571,10000
228,419.26056,193.50293,1000.0,nan,nan,nan,0,10,3336,10000,2369352,4,0.4444444444444444,0,10.702327728271484,2681.4312858581543,0.0004744529724121094,0.024410247802734375,0.0009956894636154174,10000
229,428.88556,251.59494,1000.0,nan,nan,nan,0,10,3346,10000,2379352,4,0.4444444444444444,2000.0,12.345548391342163,2693.7879543304443,0.0004756450653076172,0.024585962295532227,0.0010054367542266845,10000
230,301.57733,224.08665,1000.0,nan,nan,nan,0,10,3356,10000,2389352,4,0.4444444444444444,0,13.430615425109863,2707.2368404865265,0.0004711151123046875,0.09655094146728516,0.0009704774618148804,10000
231,327.2014,244.62697,1000.0,nan,nan,nan,0,10,3366,10000,2399352,4,0.4444444444444444,0,11.483056783676147,2718.7327892780304,0.00047016143798828125,0.06186413764953613,0.0009215350866317749,10000
232,411.12836,219.5402,1000.0,nan,nan,nan,0,10,3376,10000,2409352,4,0.4444444444444444,1000.0,9.905685901641846,2728.656030654907,0.0004756450653076172,0.023597002029418945,0.0009079452276229858,10000
233,451.39023,178.0518,1000.0,nan,nan,nan,0,10,3386,10000,2419352,4,0.4444444444444444,0,11.24025821685791,2739.9089646339417,0.000476837158203125,0.02629828453063965,0.0009163884878158569,10000
234,389.32935,292.2821,1000.0,nan,nan,nan,0,10,3396,10000,2429352,4,0.4444444444444444,0,11.299272775650024,2751.2341322898865,0.00043582916259765625,0.02519679069519043,0.0009093069314956665,10000
235,505.7469,204.62611,1000.0,nan,nan,nan,0,10,3406,10000,2439352,4,0.4444444444444444,0,11.030298233032227,2762.282722711563,0.000469207763671875,0.023797273635864258,0.0009061136245727539,10000
236,354.88214,222.69203,1000.0,nan,nan,nan,0,10,3416,10000,2449352,4,0.4444444444444444,0,10.216667890548706,2772.5243368148804,0.0004630088806152344,0.025128602981567383,0.0009022056341171264,10000
237,385.6705,174.8622,1000.0,nan,nan,nan,0,10,3426,10000,2459352,4,0.4444444444444444,0,10.787326097488403,2783.321993112564,0.0004608631134033203,0.0244290828704834,0.0009122336864471435,10000
238,395.83847,223.40398,1000.0,nan,nan,nan,0,10,3436,10000,2469352,4,0.4444444444444444,0,10.332304954528809,2793.664153575897,0.00046133995056152344,0.029092073440551758,0.0009034051418304443,10000
239,443.83603,121.47852,1000.0,nan,nan,nan,0,10,3446,10000,2479352,4,0.4444444444444444,0,12.54211711883545,2806.217399597168,0.0004749298095703125,0.027666091918945312,0.0009136821269989014,10000
240,298.5278,232.74731,1000.0,nan,nan,nan,0,10,3456,10000,2489352,4,0.4444444444444444,0,9.7766695022583,2816.0271904468536,0.0004222393035888672,0.025678634643554688,0.00092025306224823,10000
241,398.58963,193.40034,929.3333333333334,nan,nan,nan,0,12,3468,11152,2500504,4,0.4,0,11.860637903213501,2827.9164237976074,0.0004649162292480469,0.025429725646972656,0.000901223468985756,11152
242,465.53604,189.04103,1000.0,nan,nan,nan,0,10,3478,10000,2510504,4,0.4444444444444444,0,11.58329176902771,2839.507651567459,0.00044798851013183594,0.02593827247619629,0.0009035417079925537,10000
243,454.8846,280.75296,1000.0,nan,nan,nan,0,10,3488,10000,2520504,4,0.4444444444444444,0,10.20849895477295,2849.738941192627,0.00046753883361816406,0.029284954071044922,0.0009084811687469482,10000
244,222.0029,281.14084,1000.0,nan,nan,nan,0,10,3498,10000,2530504,4,0.4444444444444444,0,10.07793402671814,2859.827668428421,0.00047469139099121094,0.02397608757019043,0.0009054148197174072,10000
245,413.27457,309.23837,1000.0,nan,nan,nan,0,10,3508,10000,2540504,4,0.4444444444444444,0,12.155569791793823,2872.004439353943,0.00046825408935546875,0.025121450424194336,0.0008985057353973389,10000
246,437.32812,212.27045,1000.0,nan,nan,nan,0,10,3518,10000,2550504,4,0.4444444444444444,1000.0,11.197948455810547,2883.222947359085,0.0004687309265136719,0.023988962173461914,0.0008993155717849731,10000
247,398.61273,248.61377,1000.0,nan,nan,nan,0,10,3528,10000,2560504,4,0.4444444444444444,1000.0,10.002094507217407,2893.2533004283905,0.00046443939208984375,0.027720212936401367,0.0008879314422607421,10000
248,353.7188,136.83917,1000.0,nan,nan,nan,0,10,3538,10000,2570504,4,0.4444444444444444,0,10.11518144607544,2903.392875432968,0.0004596710205078125,0.023910999298095703,0.0008946609735488892,10000
249,354.54922,153.61296,930.25,nan,nan,nan,0,12,3550,11163,2581667,4,0.4,0,12.407235145568848,2915.83137178421,0.0004601478576660156,0.0243227481842041,0.0008985896718381372,11163
250,296.0908,223.87836,932.6666666666666,nan,nan,nan,0,12,3562,11192,2592859,4,0.4,0,11.490276336669922,2927.3370172977448,0.00046896934509277344,0.029938459396362305,0.0009272185668849877,11192
251,521.4867,174.59303,1000.0,nan,nan,nan,0,10,3572,10000,2602859,4,0.4444444444444444,0,10.79131555557251,2938.142656803131,0.0004737377166748047,0.026168107986450195,0.0009062873840332031,10000
252,392.80746,248.58656,970.75,nan,nan,nan,0,12,3584,11649,2614508,4,0.4,0,11.989108324050903,2950.151822090149,0.0004668235778808594,0.025913238525390625,0.0009132101664943074,11649
253,427.649,144.73586,1000.0,nan,nan,nan,0,10,3594,10000,2624508,4,0.4444444444444444,0,11.028638124465942,2961.2012062072754,0.0004677772521972656,0.024445295333862305,0.0009154825925827026,10000
254,447.33566,222.80472,955.3333333333334,nan,nan,nan,0,12,3606,11464,2635972,4,0.4,0,12.904366970062256,2974.120141506195,0.0004355907440185547,0.0380246639251709,0.000924560795775345,11464
255,464.31747,214.44914,1000.0,nan,nan,nan,0,10,3616,10000,2645972,4,0.4444444444444444,1000.0,10.070600986480713,2984.2117466926575,0.00046634674072265625,0.030257463455200195,0.0009015660285949707,10000
256,421.48853,217.19774,1000.0,nan,nan,nan,0,10,3626,10000,2655972,4,0.4444444444444444,0,9.875006675720215,2994.117870569229,0.0004680156707763672,0.03064870834350586,0.0009190551042556763,10000
257,320.53946,289.3147,1000.0,nan,nan,nan,0,10,3636,10000,2665972,4,0.4444444444444444,0,11.629788875579834,3005.7816078662872,0.0004100799560546875,0.02505350112915039,0.0009155344486236572,10000
258,395.14343,269.1667,1000.0,nan,nan,nan,0,10,3646,10000,2675972,4,0.4444444444444444,0,12.396347761154175,3018.2075564861298,0.0004699230194091797,0.028238534927368164,0.0008995598077774048,10000
259,487.61044,179.193,1000.0,nan,nan,nan,0,10,3656,10000,2685972,4,0.4444444444444444,0,9.806618928909302,3028.037310361862,0.0004706382751464844,0.024172544479370117,0.0009099138975143433,10000
260,598.5018,228.646,1000.0,nan,nan,nan,0,10,3666,10000,2695972,4,0.4444444444444444,0,12.006806373596191,3040.0688893795013,0.0004642009735107422,0.029049396514892578,0.001163789653778076,10000
261,488.11392,147.52377,1000.0,nan,nan,nan,0,10,3676,10000,2705972,4,0.4444444444444444,0,25.088308811187744,3065.204905986786,0.0004830360412597656,0.0648050308227539,0.0023267478466033934,10000
262,398.03085,128.79803,1000.0,nan,nan,nan,0,10,3686,10000,2715972,4,0.4444444444444444,0,17.359427452087402,3082.587415933609,0.00047850608825683594,0.05066108703613281,0.0017387018203735352,10000
263,496.06314,211.53467,1000.0,nan,nan,nan,0,10,3696,10000,2725972,4,0.4444444444444444,0,15.010080814361572,3097.6106333732605,0.0004360675811767578,0.062447547912597656,0.0018167973279953004,10000
264,208.16801,250.71501,927.5833333333334,nan,nan,nan,0,12,3708,11131,2737103,4,0.4,1000.0,17.983503103256226,3115.6230759620667,0.00040268898010253906,0.054633378982543945,0.001865509352950906,11131
265,468.08795,261.39526,1000.0,nan,nan,nan,0,10,3718,10000,2747103,4,0.4444444444444444,0,13.809332847595215,3129.4545216560364,0.00043010711669921875,0.042932987213134766,0.0014375678062438966,10000
266,416.88565,172.69211,1000.0,nan,nan,nan,0,10,3728,10000,2757103,4,0.4444444444444444,0,29.825957536697388,3159.3455817699432,0.0005850791931152344,0.06233644485473633,0.002360356283187866,10000
267,393.70282,350.48895,1000.0,nan,nan,nan,0,10,3738,10000,2767103,4,0.4444444444444444,0,18.39776086807251,3177.7699506282806,0.0004737377166748047,0.17726802825927734,0.0017476374864578248,10000
268,438.02652,193.51373,1000.0,nan,nan,nan,0,10,3748,10000,2777103,4,0.4444444444444444,0,10.45380425453186,3188.2350566387177,0.0004487037658691406,0.023108482360839844,0.0008585239887237549,10000
269,503.77783,206.66887,1000.0,nan,nan,nan,0,10,3758,10000,2787103,4,0.4444444444444444,0,9.76421046257019,3198.03626036644,0.00046563148498535156,0.023636817932128906,0.000876668381690979,10000
270,583.70355,166.00696,1000.0,nan,nan,nan,0,10,3768,10000,2797103,4,0.4444444444444444,0,11.940048217773438,3209.986763238907,0.00046062469482421875,0.04034614562988281,0.0008684859037399292,10000
271,415.30225,255.24573,1000.0,nan,nan,nan,0,10,3778,10000,2807103,4,0.4444444444444444,0,9.701530694961548,3219.701071023941,0.00046324729919433594,0.023148298263549805,0.0008616827487945557,10000
272,398.4002,228.30357,1000.0,586.7359,0.0,1000.0,1,10,3788,10000,2817103,4,0.4444444444444444,0,10.812603235244751,3230.5525557994843,0.00046443939208984375,0.025706768035888672,0.0008608189712871205,11000
273,459.80615,203.05093,1000.0,nan,nan,nan,0,10,3798,10000,2827103,4,0.4444444444444444,0,11.513627052307129,3242.0768270492554,0.00045037269592285156,0.025444746017456055,0.0008697413921356201,10000
274,461.5429,229.02643,1000.0,nan,nan,nan,0,10,3808,10000,2837103,4,0.4444444444444444,0,10.228348731994629,3252.3345153331757,0.0004596710205078125,0.02515697479248047,0.0008862590312957763,10000
275,375.38257,209.6608,1000.0,nan,nan,nan,0,10,3818,10000,2847103,4,0.4444444444444444,0,9.267348527908325,3261.6233401298523,0.0004563331604003906,0.026498794555664062,0.0008592580318450928,10000
276,513.0283,222.71025,1000.0,nan,nan,nan,0,10,3828,10000,2857103,4,0.4444444444444444,0,10.97219967842102,3272.624011516571,0.00045943260192871094,0.024085521697998047,0.0008699545383453369,10000
277,437.9959,242.60187,1000.0,nan,nan,nan,0,10,3838,10000,2867103,4,0.4444444444444444,0,10.808156967163086,3283.441540002823,0.0004634857177734375,0.02626204490661621,0.000866983962059021,10000
278,370.97662,301.95813,1000.0,nan,nan,nan,0,10,3848,10000,2877103,4,0.4444444444444444,0,10.66685676574707,3294.1292572021484,0.00045299530029296875,0.027557849884033203,0.0008665740251541138,10000
279,401.10663,264.63513,1000.0,nan,nan,nan,0,10,3858,10000,2887103,4,0.4444444444444444,0,9.686724662780762,3303.8384261131287,0.00046253204345703125,0.02377605438232422,0.0008712867498397827,10000
280,494.94318,124.656425,1000.0,nan,nan,nan,0,10,3868,10000,2897103,4,0.4444444444444444,0,9.769467830657959,3313.6193075180054,0.00047135353088378906,0.02508544921875,0.0008674361944198608,10000
281,400.1928,134.75815,1000.0,nan,nan,nan,0,10,3878,10000,2907103,4,0.4444444444444444,0,11.717786312103271,3325.3479504585266,0.0003941059112548828,0.024762630462646484,0.0008729272842407227,10000
282,485.08527,230.12508,1000.0,nan,nan,nan,0,10,3888,10000,2917103,4,0.4444444444444444,0,10.729507207870483,3336.1012558937073,0.0004639625549316406,0.03077840805053711,0.0008780426740646362,10000
283,380.0462,149.92316,1000.0,nan,nan,nan,0,10,3898,10000,2927103,4,0.4444444444444444,0,9.326749563217163,3345.4386434555054,0.0004622936248779297,0.02520155906677246,0.0008732686758041382,10000
284,576.18207,190.56332,1000.0,nan,nan,nan,0,10,3908,10000,2937103,4,0.4444444444444444,0,10.372889280319214,3355.8225481510162,0.00046825408935546875,0.025654315948486328,0.0009016976356506348,10000
285,436.37338,152.50984,1000.0,nan,nan,nan,0,10,3918,10000,2947103,4,0.4444444444444444,0,11.826632499694824,3367.6743972301483,0.0004360675811767578,0.024167776107788086,0.0009069394111633301,10000
286,499.0128,147.2988,1000.0,nan,nan,nan,0,10,3928,10000,2957103,4,0.4444444444444444,1000.0,10.30398941040039,3378.015658378601,0.00045490264892578125,0.023366689682006836,0.0008857947111129761,10000
287,345.18018,223.50636,931.9166666666666,nan,nan,nan,0,12,3940,11183,2968286,4,0.4,0,12.338051557540894,3390.3635289669037,0.0004558563232421875,0.02811574935913086,0.001029248230361154,11183
288,480.37082,261.2817,959.8333333333334,nan,nan,nan,0,12,3952,11518,2979804,4,0.4,0,12.042831420898438,3402.4612493515015,0.0004565715789794922,0.0236208438873291,0.0008669313322154365,11518
289,387.85855,265.6323,1000.0,nan,nan,nan,0,10,3962,10000,2989804,4,0.4444444444444444,0,10.972023725509644,3413.447862625122,0.0004630088806152344,0.025817155838012695,0.0008923702716827392,10000
290,416.85117,266.2901,1000.0,nan,nan,nan,0,10,3972,10000,2999804,4,0.4444444444444444,0,10.144865989685059,3423.603734970093,0.0004661083221435547,0.023622989654541016,0.0008794012069702149,10000
291,672.2706,91.69337,1000.0,nan,nan,nan,0,10,3982,10000,3009804,4,0.4444444444444444,0,9.742496967315674,3433.36554813385,0.00045752525329589844,0.029566526412963867,0.0008794297933578491,10000
292,442.57892,158.3094,1000.0,nan,nan,nan,0,10,3992,10000,3019804,4,0.4444444444444444,0,11.432809829711914,3444.844337940216,0.00044918060302734375,0.026264667510986328,0.0008784533023834228,10000
293,386.56686,220.92088,1000.0,nan,nan,nan,0,10,4002,10000,3029804,4,0.4444444444444444,0,10.694088459014893,3455.548053741455,0.0004622936248779297,0.02351546287536621,0.000843700647354126,10000
294,534.57916,153.57016,1000.0,nan,nan,nan,0,10,4012,10000,3039804,4,0.4444444444444444,0,10.244919300079346,3465.806493997574,0.00045013427734375,0.02362537384033203,0.0008706486940383911,10000
295,403.46008,238.2195,1000.0,nan,nan,nan,0,10,4022,10000,3049804,4,0.4444444444444444,0,9.957578897476196,3475.774265050888,0.00046253204345703125,0.024935245513916016,0.0008961932420730591,10000
296,392.84677,251.76059,1000.0,nan,nan,nan,0,10,4032,10000,3059804,4,0.4444444444444444,0,11.275169372558594,3487.0611073970795,0.0004603862762451172,0.022839784622192383,0.0008746487855911255,10000
297,495.75253,244.42319,1000.0,nan,nan,nan,0,10,4042,10000,3069804,4,0.4444444444444444,0,10.856968879699707,3497.927613735199,0.00045680999755859375,0.024570226669311523,0.0008643750905990601,10000
298,502.0861,283.6345,931.0833333333334,nan,nan,nan,0,12,4054,11173,3080977,4,0.4,0,10.332074165344238,3508.269404888153,0.0004532337188720703,0.028371095657348633,0.00087153622449634,11173
299,332.27814,224.40486,1000.0,nan,nan,nan,0,10,4064,10000,3090977,4,0.4444444444444444,0,9.610321521759033,3517.906012773514,0.0004706382751464844,0.025746822357177734,0.0008737892150878907,10000
300,460.56534,244.14026,1000.0,nan,nan,nan,0,10,4074,10000,3100977,4,0.4444444444444444,0,12.601840734481812,3530.528519153595,0.00046253204345703125,0.024905681610107422,0.0008946971654891967,10000
301,432.60382,154.99223,1000.0,nan,nan,nan,0,10,4084,10000,3110977,4,0.4444444444444444,0,10.23503303527832,3540.802946805954,0.0004639625549316406,0.02330756187438965,0.0008748950958251953,10000
302,491.25424,135.58049,1000.0,nan,nan,nan,0,10,4094,10000,3120977,4,0.4444444444444444,0,9.640273809432983,3550.4686150550842,0.0004665851593017578,0.0262753963470459,0.0008712055921554565,10000
303,519.80817,217.94908,1000.0,nan,nan,nan,0,10,4104,10000,3130977,4,0.4444444444444444,0,9.562478065490723,3560.054401397705,0.0004298686981201172,0.025324344635009766,0.0008626275539398193,10000
304,451.69537,160.21744,1000.0,nan,nan,nan,0,10,4114,10000,3140977,4,0.4444444444444444,0,11.81295132637024,3571.8776457309723,0.0004494190216064453,0.024779319763183594,0.0008795446872711182,10000
305,465.0228,209.07242,1000.0,nan,nan,nan,0,10,4124,10000,3150977,4,0.4444444444444444,0,9.677994966506958,3581.5890851020813,0.0004456043243408203,0.023738861083984375,0.0008856232643127441,10000
306,529.10284,193.11414,1000.0,nan,nan,nan,0,10,4134,10000,3160977,4,0.4444444444444444,0,10.482300758361816,3592.0989985466003,0.0004589557647705078,0.028614044189453125,0.0008817962646484375,10000
307,514.72437,189.04243,1000.0,nan,nan,nan,0,10,4144,10000,3170977,4,0.4444444444444444,0,10.588880062103271,3602.701853990555,0.0004665851593017578,0.023867368698120117,0.0008752451181411743,10000
308,477.69238,155.89874,1000.0,nan,nan,nan,0,10,4154,10000,3180977,4,0.4444444444444444,0,10.869140386581421,3613.5929095745087,0.0004665851593017578,0.025750398635864258,0.0008678788185119628,10000
309,426.90717,174.39732,1000.0,nan,nan,nan,0,10,4164,10000,3190977,4,0.4444444444444444,1000.0,10.324329137802124,3623.9442677497864,0.0004677772521972656,0.023734092712402344,0.0008583970308303833,10000
310,360.7471,252.26328,1000.0,nan,nan,nan,0,10,4174,10000,3200977,4,0.4444444444444444,0,10.311920642852783,3634.266543865204,0.00046706199645996094,0.02364945411682129,0.0008654970645904541,10000
311,475.30356,224.2626,947.5833333333334,nan,nan,nan,0,12,4186,11371,3212348,4,0.4,0,11.999282121658325,3646.2889335155487,0.0004379749298095703,0.023764610290527344,0.0008733482644317039,11371
312,478.4855,214.1789,1000.0,nan,nan,nan,0,10,4196,10000,3222348,4,0.4444444444444444,1000.0,10.684333562850952,3656.993724822998,0.00045680999755859375,0.02490234375,0.0008725292682647705,10000
313,463.95477,172.63425,1000.0,nan,nan,nan,0,10,4206,10000,3232348,4,0.4444444444444444,0,9.648837566375732,3666.651916027069,0.00045609474182128906,0.023726224899291992,0.0008930627346038819,10000
314,577.65594,157.4947,1000.0,nan,nan,nan,0,10,4216,10000,3242348,4,0.4444444444444444,0,9.642911672592163,3676.3184957504272,0.0004677772521972656,0.024134397506713867,0.0008651987791061401,10000
315,395.5375,243.9915,1000.0,nan,nan,nan,0,10,4226,10000,3252348,4,0.4444444444444444,0,12.961889743804932,3689.294897079468,0.0004620552062988281,0.023535728454589844,0.0009169459581375122,10000
316,354.48383,291.52884,1000.0,nan,nan,nan,0,10,4236,10000,3262348,4,0.4444444444444444,1000.0,11.473992586135864,3700.795277118683,0.00043702125549316406,0.025513648986816406,0.0008774725437164306,10000
317,343.5197,200.74895,1000.0,nan,nan,nan,0,10,4246,10000,3272348,4,0.4444444444444444,0,9.989030599594116,3710.808699131012,0.0004658699035644531,0.025102615356445312,0.000861696195602417,10000
318,399.48578,315.06445,1000.0,nan,nan,nan,0,10,4256,10000,3282348,4,0.4444444444444444,0,9.726460218429565,3720.5550599098206,0.0004630088806152344,0.04295611381530762,0.0008686712980270386,10000
319,583.89996,293.3164,1000.0,nan,nan,nan,0,10,4266,10000,3292348,4,0.4444444444444444,0,11.726953983306885,3732.301395893097,0.00046515464782714844,0.02526545524597168,0.0008879139184951782,10000
320,501.95868,214.27486,1000.0,nan,nan,nan,0,10,4276,10000,3302348,4,0.4444444444444444,0,10.712846517562866,3743.024042367935,0.0004596710205078125,0.026494503021240234,0.0008622506141662598,10000
321,535.7667,183.33997,1000.0,nan,nan,nan,0,10,4286,10000,3312348,4,0.4444444444444444,0,9.628138065338135,3752.6620903015137,0.00046062469482421875,0.026253938674926758,0.0008719491958618164,10000
322,482.4044,289.7337,1000.0,nan,nan,nan,0,10,4296,10000,3322348,4,0.4444444444444444,1000.0,10.574438333511353,3763.2620129585266,0.000461578369140625,0.025617122650146484,0.0008830211400985717,10000
323,571.0546,219.62756,970.6666666666666,nan,nan,nan,0,12,4308,11648,3333996,4,0.4,1000.0,12.536686658859253,3775.818313598633,0.0004601478576660156,0.024113893508911133,0.0008684806321020965,11648
324,439.21307,159.56302,1000.0,nan,nan,nan,0,10,4318,10000,3343996,4,0.4444444444444444,0,9.45070195198059,3785.2893302440643,0.00046443939208984375,0.02711772918701172,0.0008748672723770142,10000
325,525.2974,251.75699,970.9166666666666,nan,nan,nan,0,12,4330,11651,3355647,4,0.4,0,11.612491369247437,3796.914743423462,0.0004687309265136719,0.02347278594970703,0.0008625149491539064,11651
326,541.9246,334.3974,1000.0,nan,nan,nan,0,10,4340,10000,3365647,4,0.4444444444444444,0,11.104114770889282,3808.042950630188,0.00046515464782714844,0.024510622024536133,0.000878506326675415,10000
327,430.11652,142.85817,1000.0,nan,nan,nan,0,10,4350,10000,3375647,4,0.4444444444444444,0,9.867975234985352,3817.9379065036774,0.0004603862762451172,0.025521278381347656,0.0008571226119995117,10000
328,558.79016,207.68352,1000.0,nan,nan,nan,0,10,4360,10000,3385647,4,0.4444444444444444,0,9.975071430206299,3827.942855834961,0.0004642009735107422,0.02600693702697754,0.0008624350547790528,10000
329,527.0279,218.36572,1000.0,nan,nan,nan,0,10,4370,10000,3395647,4,0.4444444444444444,0,11.445853471755981,3839.4208958148956,0.00044465065002441406,0.026360511779785156,0.0009101172208786011,10000
330,502.7354,146.27332,1000.0,nan,nan,nan,0,10,4380,10000,3405647,4,0.4444444444444444,0,9.41043496131897,3848.859874010086,0.00046181678771972656,0.023063182830810547,0.0008836697101593017,10000
331,482.83072,258.14273,1000.0,nan,nan,nan,0,10,4390,10000,3415647,4,0.4444444444444444,0,10.563446521759033,3859.453381061554,0.0004246234893798828,0.02640080451965332,0.0008680524587631226,10000
332,423.62793,211.0508,933.5833333333334,nan,nan,nan,0,12,4402,11203,3426850,4,0.4,0,12.652745485305786,3872.115074634552,0.0004658699035644531,0.026325225830078125,0.0008793781242721327,11203
333,556.05884,158.76573,1000.0,nan,nan,nan,0,10,4412,10000,3436850,4,0.5,0,10.311428785324097,3882.4393005371094,0.0004489421844482422,0.023630142211914062,0.0008728250741958618,10000
334,575.00085,101.651566,1000.0,nan,nan,nan,0,10,4422,10000,3446850,4,0.4444444444444444,0,14.484530687332153,3896.9529597759247,0.00045609474182128906,0.08810710906982422,0.0014436875104904174,10000
335,326.92917,280.8485,1000.0,nan,nan,nan,0,10,4432,10000,3456850,4,0.4444444444444444,1000.0,16.481032371520996,3913.4730353355408,0.00044083595275878906,0.04359722137451172,0.0016489928483963013,10000
336,473.12128,291.0953,1000.0,nan,nan,nan,0,10,4442,10000,3466850,4,0.4444444444444444,0,15.511468887329102,3929.0117576122284,0.0003952980041503906,0.0566713809967041,0.0016947062492370605,10000
337,568.39905,333.44727,1000.0,nan,nan,nan,0,10,4452,10000,3476850,4,0.4444444444444444,0,14.078247547149658,3943.1258461475372,0.0004534721374511719,0.04435420036315918,0.0015797831296920776,10000
338,607.5345,179.99117,1000.0,nan,nan,nan,0,10,4462,10000,3486850,4,0.4444444444444444,0,25.425564765930176,3968.5680639743805,0.0004756450653076172,0.05833125114440918,0.0022470191955566406,10000
339,454.7317,342.6313,1000.0,nan,nan,nan,0,10,4472,10000,3496850,4,0.4444444444444444,0,23.41622519493103,3992.034458398819,0.0004780292510986328,0.07498550415039062,0.002177542591094971,10000
340,543.23,208.5707,1000.0,nan,nan,nan,0,10,4482,10000,3506850,4,0.4444444444444444,0,10.073067665100098,4002.117616415024,0.00045871734619140625,0.025892019271850586,0.0008964892625808715,10000
341,499.5656,178.03499,1000.0,nan,nan,nan,0,10,4492,10000,3516850,4,0.4444444444444444,0,10.008573770523071,4012.139409303665,0.0004696846008300781,0.023389577865600586,0.0008606728553771973,10000
342,362.09033,210.42325,1000.0,nan,nan,nan,0,10,4502,10000,3526850,4,0.4444444444444444,0,10.76591181755066,4022.9218459129333,0.000469207763671875,0.024489164352416992,0.0008570703983306885,10000
343,449.74014,202.15875,1000.0,nan,nan,nan,0,10,4512,10000,3536850,4,0.4444444444444444,0,11.428338050842285,4034.366048812866,0.0004551410675048828,0.027118921279907227,0.0008756888628005981,10000
344,520.2637,208.93288,1000.0,nan,nan,nan,0,10,4522,10000,3546850,4,0.4444444444444444,0,9.457090139389038,4043.8386113643646,0.00045108795166015625,0.027065515518188477,0.0008771830320358277,10000
345,427.837,221.61945,1000.0,nan,nan,nan,0,10,4532,10000,3556850,4,0.4444444444444444,0,10.196411848068237,4054.047345638275,0.0004620552062988281,0.025638103485107422,0.0008674158811569214,10000
346,574.9277,153.39966,1000.0,nan,nan,nan,0,10,4542,10000,3566850,4,0.4444444444444444,0,10.853858232498169,4064.9215004444122,0.0004668235778808594,0.025130510330200195,0.0008661796569824218,10000
347,480.10342,305.09113,1000.0,nan,nan,nan,0,10,4552,10000,3576850,4,0.4444444444444444,0,11.234134435653687,4076.166746854782,0.00046372413635253906,0.02341771125793457,0.0008883906126022339,10000
348,464.78204,173.3335,1000.0,nan,nan,nan,0,10,4562,10000,3586850,4,0.4444444444444444,1000.0,9.670449495315552,4085.8477227687836,0.0004570484161376953,0.024919509887695312,0.0008657668828964233,10000
349,489.7418,120.72722,1000.0,nan,nan,nan,0,10,4572,10000,3596850,4,0.4444444444444444,0,9.902411222457886,4095.7745225429535,0.0004642009735107422,0.02902984619140625,0.0008736522912979126,10000
350,383.0696,278.5248,1000.0,nan,nan,nan,0,10,4582,10000,3606850,4,0.4444444444444444,0,11.398681640625,4107.194502830505,0.0004639625549316406,0.03188586235046387,0.0008413949966430664,10000
351,372.12485,222.98224,984.4166666666666,nan,nan,nan,0,12,4594,11813,3618663,4,0.4,0,11.146875858306885,4118.354693889618,0.0004627704620361328,0.02336430549621582,0.0008688809192928404,11813
352,605.25604,134.58464,1000.0,nan,nan,nan,0,10,4604,10000,3628663,4,0.4444444444444444,0,9.355318784713745,4127.722201824188,0.00046825408935546875,0.023787975311279297,0.0007708901882171631,10000
353,526.74255,208.46956,1000.0,nan,nan,nan,0,10,4614,10000,3638663,4,0.4444444444444444,0,9.996827602386475,4137.744727611542,0.0004596710205078125,0.02543020248413086,0.0008783525228500366,10000
354,521.1546,322.5923,1000.0,nan,nan,nan,0,10,4624,10000,3648663,4,0.4444444444444444,1000.0,10.53108549118042,4148.298390626907,0.00046896934509277344,0.025429725646972656,0.0008835119962692261,10000
355,480.425,197.43921,1000.0,nan,nan,nan,0,10,4634,10000,3658663,4,0.4444444444444444,0,12.97067379951477,4161.301246404648,0.00047588348388671875,0.024222135543823242,0.0011543734550476074,10000
356,442.11386,246.82805,1000.0,nan,nan,nan,0,10,4644,10000,3668663,4,0.4444444444444444,0,12.772427558898926,4174.0963678359985,0.0004649162292480469,0.03505444526672363,0.0009358544111251831,10000
357,575.03436,187.5543,1000.0,nan,nan,nan,0,10,4654,10000,3678663,4,0.4444444444444444,0,19.67385745048523,4193.781693458557,0.00047326087951660156,0.06328821182250977,0.002156843972206116,10000
358,558.247,274.28662,987.0833333333334,nan,nan,nan,0,12,4666,11845,3690508,4,0.4,0,15.688935995101929,4209.4804401397705,0.00045800209045410156,0.04875493049621582,0.0010874265153078954,11845
359,555.611,171.14725,1000.0,nan,nan,nan,0,10,4676,10000,3700508,4,0.4444444444444444,0,13.778506755828857,4223.287377357483,0.0004634857177734375,0.05456137657165527,0.0011652473449707032,10000
360,392.608,200.1521,1000.0,nan,nan,nan,0,10,4686,10000,3710508,4,0.4444444444444444,0,11.884232997894287,4235.196140050888,0.0004706382751464844,0.12088608741760254,0.0010072468996047974,10000
361,451.8375,218.13666,1000.0,nan,nan,nan,0,10,4696,10000,3720508,4,0.4444444444444444,0,11.684319972991943,4246.891201019287,0.0004730224609375,0.0433354377746582,0.001023366093635559,10000
362,553.6376,237.5726,1000.0,nan,nan,nan,0,10,4706,10000,3730508,4,0.4444444444444444,0,12.862444400787354,4259.767831802368,0.0004394054412841797,0.025177001953125,0.0011594128847122191,10000
363,586.07117,211.7429,1000.0,nan,nan,nan,0,10,4716,10000,3740508,4,0.4444444444444444,0,10.320859670639038,4270.0995037555695,0.00046062469482421875,0.026189088821411133,0.0009381260871887207,10000
364,505.89722,165.71207,1000.0,nan,nan,nan,0,10,4726,10000,3750508,4,0.4444444444444444,0,10.21620798110962,4280.34366774559,0.0004673004150390625,0.058361053466796875,0.0008861775875091553,10000
365,519.60565,227.18489,1000.0,nan,nan,nan,0,10,4736,10000,3760508,4,0.4444444444444444,1000.0,11.201805591583252,4291.55660033226,0.000469207763671875,0.023822307586669922,0.0009891820192337035,10000
366,458.47745,219.82126,1000.0,nan,nan,nan,0,10,4746,10000,3770508,4,0.4444444444444444,0,11.881098508834839,4303.460105895996,0.00047087669372558594,0.02907848358154297,0.0009635368347167968,10000
367,416.3244,276.96835,1000.0,nan,nan,nan,0,10,4756,10000,3780508,4,0.4444444444444444,0,11.132412195205688,4314.613659620285,0.00046443939208984375,0.024297237396240234,0.0009911730289459228,10000
368,626.70953,246.95937,1000.0,nan,nan,nan,0,10,4766,10000,3790508,4,0.4444444444444444,1000.0,12.93906044960022,4327.574629306793,0.0004775524139404297,0.02388143539428711,0.0013005130290985108,10000
369,604.0464,278.87463,918.9166666666666,nan,nan,nan,0,12,4778,11027,3801535,4,0.4,0,17.32334613800049,4344.931773900986,0.0004608631134033203,0.08987140655517578,0.0010692188527238783,11027
370,445.50766,253.12653,1000.0,nan,nan,nan,0,10,4788,10000,3811535,4,0.4444444444444444,0,12.972645998001099,4357.922935724258,0.00042939186096191406,0.024250268936157227,0.001097908854484558,10000
371,362.58514,274.8481,1000.0,nan,nan,nan,0,10,4798,10000,3821535,4,0.4444444444444444,0,9.966103792190552,4367.918256521225,0.0004591941833496094,0.02638697624206543,0.0009142121553421021,10000
372,588.2472,149.47922,1000.0,nan,nan,nan,0,10,4808,10000,3831535,4,0.4444444444444444,0,13.902491807937622,4381.834085941315,0.00047659873962402344,0.043274641036987305,0.0011188536882400513,10000
373,618.55237,290.32684,1000.0,nan,nan,nan,0,10,4818,10000,3841535,4,0.4444444444444444,0,13.202081441879272,4395.056879997253,0.0004756450653076172,0.0346834659576416,0.0013682721614837647,10000
374,579.2665,204.42992,1000.0,nan,nan,nan,0,10,4828,10000,3851535,4,0.4444444444444444,0,15.076430559158325,4410.144107341766,0.0004680156707763672,0.03933906555175781,0.0012142983198165894,10000
375,537.9613,163.49411,1000.0,nan,nan,nan,0,10,4838,10000,3861535,4,0.4444444444444444,1000.0,13.215501308441162,4423.374198436737,0.0004684925079345703,0.024517059326171875,0.0015307085752487182,10000
376,540.9014,180.3106,1000.0,nan,nan,nan,0,10,4848,10000,3871535,4,0.4444444444444444,0,13.593303442001343,4436.98007273674,0.0004703998565673828,0.03307819366455078,0.0010106022834777831,10000
377,459.61212,202.55573,1000.0,nan,nan,nan,0,10,4858,10000,3881535,4,0.4444444444444444,0,11.055250644683838,4448.0511219501495,0.0004696846008300781,0.02581644058227539,0.0010373287677764892,10000
378,638.5389,136.18538,1000.0,nan,nan,nan,0,10,4868,10000,3891535,4,0.4444444444444444,0,14.324124336242676,4462.386740446091,0.0004413127899169922,0.07416701316833496,0.0010956419229507445,10000
379,629.87604,168.73814,1000.0,nan,nan,nan,0,10,4878,10000,3901535,4,0.4444444444444444,0,11.244736433029175,4473.642766237259,0.000476837158203125,0.032454490661621094,0.0011180198192596435,10000
380,560.0393,252.60744,1000.0,nan,nan,nan,0,10,4888,10000,3911535,4,0.4444444444444444,0,12.142877101898193,4485.826713562012,0.00048065185546875,0.03193926811218262,0.0009482804536819458,10000
381,688.3752,140.32776,1000.0,nan,nan,nan,0,10,4898,10000,3921535,4,0.4444444444444444,0,10.906110763549805,4496.745214700699,0.0004673004150390625,0.025450944900512695,0.0009789930582046508,10000
382,633.0493,201.39476,1000.0,nan,nan,nan,0,10,4908,10000,3931535,4,0.4444444444444444,0,11.630390167236328,4508.394694328308,0.0004642009735107422,0.025412797927856445,0.001091040253639221,10000
383,613.61096,196.31268,1000.0,nan,nan,nan,0,10,4918,10000,3941535,4,0.4444444444444444,0,12.142979621887207,4520.5502643585205,0.0004658699035644531,0.02384209632873535,0.0011811513662338257,10000
384,501.79068,221.38458,937.0833333333334,nan,nan,nan,0,12,4930,11245,3952780,4,0.4,0,12.730788230895996,4533.310089349747,0.0004706382751464844,0.027153491973876953,0.0009981532794414705,11245
385,497.01617,214.19125,1000.0,nan,nan,nan,0,10,4940,10000,3962780,4,0.4444444444444444,0,12.951067209243774,4546.280092000961,0.00045943260192871094,0.02395915985107422,0.0010750873804092407,10000
386,572.1808,182.24974,1000.0,nan,nan,nan,0,10,4950,10000,3972780,4,0.4444444444444444,0,10.598143100738525,4556.89798283577,0.0004706382751464844,0.025981903076171875,0.0009975282192230225,10000
387,600.12726,261.82568,1000.0,nan,nan,nan,0,10,4960,10000,3982780,4,0.4444444444444444,0,11.14497971534729,4568.076308488846,0.00046896934509277344,0.024933338165283203,0.0010477707386016845,10000
388,483.22675,294.52756,1000.0,nan,nan,nan,0,10,4970,10000,3992780,4,0.4444444444444444,0,13.626407623291016,4581.729471921921,0.0004513263702392578,0.026357173919677734,0.0010538477897644044,10000
389,587.54266,207.25421,1000.0,nan,nan,nan,0,10,4980,10000,4002780,4,0.4444444444444444,0,15.007606983184814,4596.77531504631,0.0004830360412597656,0.05584263801574707,0.001360145378112793,10000
390,605.2878,200.50262,1000.0,nan,nan,nan,0,10,4990,10000,4012780,4,0.4444444444444444,0,12.545159578323364,4609.350125074387,0.00046539306640625,0.025660037994384766,0.0011619976282119752,10000
391,443.316,247.36537,1000.0,nan,nan,nan,0,10,5000,10000,4022780,4,0.4444444444444444,1000.0,10.978829622268677,4620.363637685776,0.000492095947265625,0.030762195587158203,0.0010006491899490356,10000
392,588.8882,235.58606,1000.0,nan,nan,nan,0,10,5010,10000,4032780,4,0.4444444444444444,0,12.7987060546875,4633.183404922485,0.0004940032958984375,0.02644634246826172,0.000981458830833435,10000
393,578.0883,222.45961,1000.0,nan,nan,nan,0,10,5020,10000,4042780,4,0.4444444444444444,0,12.772155523300171,4645.988148927689,0.00048732757568359375,0.025388002395629883,0.0010784473657608033,10000
394,540.9208,282.67255,1000.0,nan,nan,nan,0,10,5030,10000,4052780,4,0.4444444444444444,0,11.850169658660889,4657.872966766357,0.0004787445068359375,0.02924036979675293,0.001065966820716858,10000
395,456.66327,218.20508,1000.0,nan,nan,nan,0,10,5040,10000,4062780,4,0.4444444444444444,0,11.027019262313843,4668.914512395859,0.0004856586456298828,0.024502038955688477,0.000988527226448059,10000
396,532.4591,279.16586,1000.0,nan,nan,nan,0,10,5050,10000,4072780,4,0.4444444444444444,1000.0,13.256598949432373,4682.188797235489,0.00048613548278808594,0.02662944793701172,0.0010079981803894043,10000
397,508.6893,225.87846,1000.0,nan,nan,nan,0,10,5060,10000,4082780,4,0.4444444444444444,0,13.144378185272217,4695.356842517853,0.0004642009735107422,0.034673213958740234,0.001141587519645691,10000
398,625.769,286.757,1000.0,nan,nan,nan,0,10,5070,10000,4092780,4,0.4444444444444444,0,12.366170406341553,4707.756938695908,0.0004696846008300781,0.028562068939208984,0.0013671451807022094,10000
399,447.88345,239.9244,1000.0,nan,nan,nan,0,10,5080,10000,4102780,4,0.375,0,9.58489179611206,4717.3559510707855,0.0004429817199707031,0.024440765380859375,0.0008871277332305909,10000
400,448.4498,151.74593,1000.0,nan,nan,nan,0,10,5090,10000,4112780,4,0.4444444444444444,0,10.542060136795044,4727.91267991066,0.0004677772521972656,0.026385068893432617,0.0008734866619110107,10000
401,676.0445,232.30515,1000.0,nan,nan,nan,0,10,5100,10000,4122780,4,0.4444444444444444,0,12.160640478134155,4740.085931777954,0.0004677772521972656,0.024396896362304688,0.0008837946653366089,10000
402,642.2013,278.7244,1000.0,nan,nan,nan,0,10,5110,10000,4132780,4,0.4444444444444444,0,9.63631558418274,4749.744722366333,0.0004649162292480469,0.029160499572753906,0.0008870874404907226,10000
403,560.3479,290.1782,1000.0,nan,nan,nan,0,10,5120,10000,4142780,4,0.4444444444444444,0,9.613011360168457,4759.378308296204,0.0004627704620361328,0.02579498291015625,0.000879474949836731,10000
404,734.6715,164.98222,1000.0,nan,nan,nan,0,10,5130,10000,4152780,4,0.4444444444444444,0,10.91195797920227,4770.323873281479,0.0004603862762451172,0.02439713478088379,0.0008703657627105712,10000
405,680.2809,200.44472,1000.0,nan,nan,nan,0,10,5140,10000,4162780,4,0.4444444444444444,0,11.35856556892395,4781.694269180298,0.0004668235778808594,0.025069236755371094,0.0008230063199996949,10000
406,712.21515,192.7218,1000.0,nan,nan,nan,0,10,5150,10000,4172780,4,0.4444444444444444,0,10.205431938171387,4791.917864561081,0.00046539306640625,0.026520729064941406,0.000883147382736206,10000
407,624.34753,210.34541,1000.0,nan,nan,nan,0,10,5160,10000,4182780,4,0.4444444444444444,0,9.801247596740723,4801.744786977768,0.0004763603210449219,0.025925159454345703,0.0008906347751617431,10000
408,605.2826,130.94539,1000.0,nan,nan,nan,0,10,5170,10000,4192780,4,0.4444444444444444,0,10.858641386032104,4812.617740392685,0.0004684925079345703,0.029271841049194336,0.0008724932909011841,10000
409,715.44934,198.39879,1000.0,nan,nan,nan,0,10,5180,10000,4202780,4,0.4444444444444444,0,11.459746837615967,4824.087155342102,0.00047588348388671875,0.0240938663482666,0.0008868563890457153,10000
410,612.2989,212.23415,1000.0,nan,nan,nan,0,10,5190,10000,4212780,4,0.4444444444444444,1000.0,9.606858253479004,4833.726708173752,0.00046634674072265625,0.023291826248168945,0.0008749201536178588,10000
411,616.0933,250.76349,1000.0,nan,nan,nan,0,10,5200,10000,4222780,4,0.4444444444444444,1000.0,10.102235317230225,4843.8407735824585,0.0004601478576660156,0.03221940994262695,0.000881265139579773,10000
412,464.3366,306.59467,1000.0,nan,nan,nan,0,10,5210,10000,4232780,4,0.4444444444444444,0,11.200960159301758,4855.06337594986,0.00044918060302734375,0.023591279983520508,0.0008760148048400879,10000
413,677.4858,138.04123,1000.0,988.16626,0.0,1000.0,1,10,5220,10000,4242780,4,0.4444444444444444,0,11.249012231826782,4866.32127571106,0.00045800209045410156,0.024006366729736328,0.0008671093854037198,11000
414,581.938,256.17007,1000.0,nan,nan,nan,0,10,5230,10000,4252780,4,0.4444444444444444,0,10.393870115280151,4876.74728679657,0.00046372413635253906,0.02305436134338379,0.0008649909019470215,10000
415,522.2897,207.5747,1000.0,nan,nan,nan,0,10,5240,10000,4262780,4,0.4444444444444444,0,15.028813123703003,4891.794422626495,0.00047206878662109375,0.023581266403198242,0.001349042534828186,10000
416,625.8497,214.82588,1000.0,nan,nan,nan,0,10,5250,10000,4272780,4,0.4444444444444444,0,16.17483139038086,4908.008631944656,0.00047707557678222656,0.05827903747558594,0.0017667062759399413,10000
417,676.588,231.80766,1000.0,nan,nan,nan,0,10,5260,10000,4282780,4,0.4444444444444444,0,17.697798252105713,4925.746884584427,0.00041866302490234375,0.053728580474853516,0.0018998236894607545,10000
418,480.3087,174.72049,1000.0,nan,nan,nan,0,10,5270,10000,4292780,4,0.4444444444444444,1000.0,14.73572063446045,4940.525465965271,0.0004227161407470703,0.04355621337890625,0.0018894343376159668,10000
419,684.8166,221.3969,1000.0,nan,nan,nan,0,10,5280,10000,4302780,4,0.4444444444444444,0,17.744621515274048,4958.281120061874,0.000408172607421875,0.0545496940612793,0.0018081405401229858,10000
420,552.04944,252.16867,1000.0,nan,nan,nan,0,10,5290,10000,4312780,4,0.4444444444444444,1000.0,23.725184679031372,4982.016903400421,0.0004928112030029297,0.08628249168395996,0.002543651580810547,10000
421,638.31146,199.97275,1000.0,nan,nan,nan,0,10,5300,10000,4322780,4,0.4444444444444444,0,23.46573281288147,5005.510997056961,0.0004813671112060547,0.09801173210144043,0.0022860286474227906,10000
422,524.62585,263.29382,1000.0,nan,nan,nan,0,10,5310,10000,4332780,4,0.4444444444444444,0,14.19443154335022,5019.721536874771,0.0004749298095703125,0.04905200004577637,0.0013761701345443725,10000
423,629.7813,254.07555,1000.0,nan,nan,nan,0,10,5320,10000,4342780,4,0.4444444444444444,0,15.34224557876587,5035.073338270187,0.00045680999755859375,0.024677038192749023,0.0011136903047561646,10000
