0.007,0.0,0.00046604677817313505,2.0,2.0,75.0
0.014,0.0,0.00043034215328157055,2.0,2.0,75.0
0.021,0.0,0.000660570972098729,2.0,2.0,75.0
0.028,0.0,0.0008272521578538925,2.0,2.0,75.0
0.035,0.0,0.0006384090391571405,2.0,2.0,75.0
0.042,0.0,0.0007573242189124993,2.0,2.0,75.0
0.049,0.0,0.00042671563617767866,2.0,2.0,75.0
0.056,0.0,0.0006942023924729855,2.0,2.0,75.0
0.063,0.0,0.0008216057457645223,2.0,2.0,75.0
0.07,0.0,0.0006757430730575258,2.0,2.0,75.0
0.07700000000000001,0.0,0.0007789044559245632,2.0,2.0,75.0
0.08400000000000002,0.0,0.0004505961316837217,2.0,2.0,75.0
0.09100000000000003,0.0,0.0006974010818805524,2.0,2.0,75.0
0.09800000000000003,0.0,0.00039978089975551524,2.0,2.0,75.0
0.10500000000000004,0.0,0.00020132222549632597,2.0,2.0,75.0
0.11200000000000004,0.0,0.0005126654313575435,2.0,2.0,75.0
0.11900000000000005,0.0,0.0005136513343225299,2.0,2.0,75.0
0.12600000000000006,0.0,0.0007064942852003782,2.0,2.0,75.0
0.13300000000000006,0.0,0.0007616355505003061,2.0,2.0,75.0
0.14000000000000007,0.0,0.0006236984214286803,2.0,2.0,75.0
0.14700000000000008,0.0,0.000801652785979048,2.0,2.0,75.0
0.15400000000000008,0.0,0.0008795106965398076,2.0,2.0,75.0
0.1610000000000001,0.0,0.000698294255446501,2.0,2.0,75.0
0.1680000000000001,0.0,0.0007896139150117133,2.0,2.0,75.0
0.1750000000000001,0.0,0.000634123824677127,2.0,2.0,75.0
0.1820000000000001,0.0,0.0006709427307514579,2.0,2.0,75.0
0.1890000000000001,0.0,0.0008446825833467119,2.0,2.0,75.0
0.19600000000000012,0.0,0.0008166547263828505,2.0,2.0,75.0
0.20300000000000012,0.0,0.0006953224440969192,2.0,2.0,75.0
0.21000000000000013,0.0,0.0008540128137426646,2.0,2.0,75.0
0.21700000000000014,0.0,0.0008731094859417578,2.0,2.0,75.0
0.22400000000000014,0.0,0.0006806973519423838,2.0,2.0,75.0
0.23100000000000015,0.0,0.0008246800489834759,2.0,2.0,75.0
0.23800000000000016,0.0,0.0008945623030909719,2.0,2.0,75.0
0.24500000000000016,0.0,0.0007246275743087502,2.0,2.0,75.0
0.25200000000000017,0.0,0.0007859702953417443,2.0,2.0,75.0
0.2590000000000002,0.0,0.0008922646606039186,2.0,2.0,75.0
0.2660000000000002,0.0,0.0005777168929051575,2.0,2.0,75.0
0.2730000000000002,0.0,0.00029489867998612766,2.0,2.0,75.0
0.2800000000000002,0.0,0.0001468035235898707,2.0,2.0,75.0
0.2870000000000002,0.0,0.0005448496889069531,2.0,2.0,75.0
0.2940000000000002,0.0,0.0006272822141695207,2.0,2.0,75.0
0.3010000000000002,0.00031846183879813265,0.0006456364959859091,2.0,2.0,75.0
0.3080000000000002,0.00042582272135452946,0.0008289548740782442,2.0,2.0,75.0
0.3150000000000002,0.0007177652224681885,0.0007112609356598085,2.0,2.0,75.0
0.32200000000000023,0.00042486679059873544,0.0007127510066198643,2.0,2.0,75.0
0.32900000000000024,0.0002146545137672311,0.0008640171450695717,2.0,2.0,75.0
0.33600000000000024,0.00010675363628618672,0.0008187617560050873,2.0,2.0,75.0
0.34300000000000025,5.301856302917725e-05,0.0007050216013655,2.0,2.0,75.0
0.35000000000000026,2.632847295649954e-05,0.00037222542170711867,2.0,2.0,75.0
0.35700000000000026,1.30743411343361e-05,0.0006049418071224181,2.0,2.0,75.0
0.36400000000000027,6.492525957819764e-06,0.0005532509931282097,2.0,2.0,75.0
0.3710000000000003,3.2240929852253743e-06,0.0007256558160981506,2.0,2.0,75.0
0.3780000000000003,1.6010371948612788e-06,0.0008597677580525665,2.0,2.0,75.0
0.3850000000000003,7.950515418029529e-07,0.0005717076188284483,2.0,2.0,75.0
0.3920000000000003,3.9481091141642606e-07,0.0007762391384071643,2.0,2.0,75.0
0.3990000000000003,1.9605729638590168e-07,0.000788931017576836,2.0,2.0,75.0
0.4060000000000003,9.735917208631581e-08,0.0006729924184835253,2.0,2.0,75.0
0.4130000000000003,4.834713404736325e-08,0.0008418916114278303,2.0,2.0,75.0
0.4200000000000003,2.4008476248353877e-08,0.0008279387214231336,2.0,2.0,75.0
0.4270000000000003,1.1922256471357657e-08,0.0006677659904487442,2.0,2.0,75.0
0.43400000000000033,5.9204173517082406e-09,0.0008349335264047739,2.0,2.0,75.0
0.44100000000000034,2.939992249169968e-09,0.0007963811655863777,2.0,2.0,75.0
0.44800000000000034,1.4599569441984578e-09,0.0006665146638441048,2.0,2.0,75.0
0.45500000000000035,7.249931626571691e-10,0.00035042168417712436,2.0,2.0,75.0
0.46200000000000035,3.6002094992480505e-10,0.00017494119105605847,2.0,2.0,75.0
0.46900000000000036,1.7878111278968118e-10,8.691147912571997e-05,2.0,2.0,75.0
0.47600000000000037,8.878007320683005e-11,0.0004895605961833367,2.0,2.0,75.0
0.4830000000000004,4.408687962403729e-11,0.0005429013656314641,2.0,2.0,75.0
0.4900000000000004,2.189289651131786e-11,0.0006685148727324017,2.0,2.0,75.0
0.4970000000000004,1.0871690664946673e-11,0.0008412285162881536,2.0,2.0,75.0
0.5040000000000003,5.398721811578774e-12,0.0007842676168033814,2.0,2.0,75.0
0.5110000000000003,2.680925910888155e-12,0.0007145756972353234,2.0,2.0,75.0
0.5180000000000003,1.3313084079006563e-12,0.00086632404103335,2.0,2.0,75.0
0.5250000000000004,6.611081901774052e-13,0.0008551554123868914,2.0,2.0,75.0
0.5320000000000004,3.282966114582357e-13,0.0006812335507835323,2.0,2.0,75.0
0.5390000000000004,1.6302727253467826e-13,0.000843261708557995,2.0,2.0,75.0
0.5460000000000004,8.095694765791814e-14,0.0008621713012336039,2.0,2.0,75.0
0.5530000000000004,4.020203044673252e-14,0.0006677826512152353,2.0,2.0,75.0
0.5600000000000004,1.9963737502422153e-14,0.0008229626378298496,2.0,2.0,75.0
0.5670000000000004,9.913698652452266e-15,0.0008900630481269151,2.0,2.0,75.0
0.5740000000000004,4.922997057024499e-15,0.000620676829569669,2.0,2.0,75.0
0.5810000000000004,2.4446879891267265e-15,0.0008051943788612361,2.0,2.0,75.0
0.5880000000000004,1.213996127755705e-15,0.0008174340872239642,2.0,2.0,75.0
0.5950000000000004,6.028526359031616e-16,0.0006705468110229833,2.0,2.0,75.0
0.6020000000000004,2.9936775934142374e-16,0.0008382403146912866,2.0,2.0,75.0
0.6090000000000004,1.4866162971791447e-16,0.0008806993888078228,2.0,2.0,75.0
0.6160000000000004,7.382318055559658e-17,0.0006807015111565183,2.0,2.0,75.0
0.6230000000000004,3.6659506543049017e-17,0.0008115110870637057,2.0,2.0,75.0
0.6300000000000004,1.8204572193523155e-17,0.0008944784995499457,2.0,2.0,75.0
0.6370000000000005,9.040123013113345e-18,0.0007388663500318118,2.0,2.0,75.0
0.6440000000000005,4.489192232778605e-18,0.0007750911857815134,2.0,2.0,75.0
0.6510000000000005,2.2292668886923997e-18,0.0008930477242529934,2.0,2.0,75.0
0.6580000000000005,1.1070211751534455e-18,0.0007894305222543366,2.0,2.0,75.0
0.6650000000000005,5.497304465670969e-19,0.000735095199503609,2.0,2.0,75.0
0.6720000000000005,2.7298806081190913e-19,0.0008769755877575632,2.0,2.0,75.0
0.6790000000000005,1.3556185910970964e-19,0.0008469970838258231,2.0,2.0,75.0
0.6860000000000005,6.731802698852344e-20,0.0006934901740666941,2.0,2.0,75.0
0.6930000000000005,3.342914288273422e-20,0.0008509144340752585,2.0,2.0,75.0
0.7000000000000005,1.6600421073908993e-20,0.0008821079552358592,2.0,2.0,75.0
0.7070000000000005,8.243525142052415e-21,0.0006883144226777554,2.0,2.0,75.0
0.7140000000000005,4.0936134369782235e-21,0.000815869208514317,2.0,2.0,75.0
0.7210000000000005,2.032828272206428e-21,0.0008966712621047047,2.0,2.0,75.0
0.7280000000000005,1.0094726451093952e-21,0.0007399564432253613,2.0,2.0,75.0
0.7350000000000005,5.012892801407663e-22,0.0007756325564220092,2.0,2.0,75.0
0.7420000000000005,2.489328894660795e-22,0.0008271469709565988,2.0,2.0,75.0
0.7490000000000006,1.2361641453918642e-22,0.0006666672465373619,2.0,2.0,75.0
0.7560000000000006,6.138609476754674e-23,0.000790447024039345,2.0,2.0,75.0
0.7630000000000006,3.0483432518710466e-23,0.0008802119417858429,2.0,2.0,75.0
0.7700000000000006,1.513762459790877e-23,0.0007315647500737765,2.0,2.0,75.0
0.7770000000000006,7.51712190963284e-24,0.0007714556816833775,2.0,2.0,75.0
0.7840000000000006,3.732892267132081e-24,0.0008912420022419423,2.0,2.0,75.0
0.7910000000000006,1.8536994404943875e-24,0.0005633566630226324,2.0,2.0,75.0
0.7980000000000006,9.20519899795871e-25,0.0007743030403827914,2.0,2.0,75.0
0.8050000000000006,4.571166540861704e-25,0.000827130054302008,2.0,2.0,75.0
0.8120000000000006,2.269974125374936e-25,0.0006450009824573766,31.25,2.0,74.4140625
0.8190000000000006,1.1272357906479524e-25,0.0008215454575049033,62.5,2.0,73.828125
0.8260000000000006,5.597687275434634e-26,0.0008098783318003321,91.875,2.0,73.27734375
0.8330000000000006,2.779729236201015e-26,0.0006573381087912486,122.5,2.0,72.703125
0.8400000000000006,1.3803726872167436e-26,0.0008279204891796224,151.25,2.0,72.1640625
0.8470000000000006,6.85472790226891e-27,0.0008150476666119775,166.875,2.0,71.87109375
0.8540000000000006,3.403957137755657e-27,0.0006859805366983205,195.0,2.0,71.34375
0.8610000000000007,1.69035508934533e-27,0.0008479732374879066,221.875,2.0,70.83984375
0.8680000000000007,8.394054955579062e-28,0.0008522327259520729,236.875,2.0,70.55859375
0.8750000000000007,0.0004464001677929921,0.0006718553060518157,264.375,2.0,70.04296875
0.8820000000000007,0.0005214684775852475,0.0008373865484093823,280.625,2.0,69.73828125
0.8890000000000007,0.000657871613609572,0.0004815861892714069,301.875,2.0,69.33984375
0.8960000000000007,0.0003614578083845157,0.0002426603577413721,312.5,2.0,69.140625
0.9030000000000007,0.00018123070084773846,0.00029390644557722787,326.25,2.0,68.8828125
0.9100000000000007,9.006964718632795e-05,0.000517725373123587,349.375,2.0,68.44921875
0.9170000000000007,4.473009757181749e-05,0.0007655342489156459,363.125,2.0,68.19140625
0.9240000000000007,2.221241357876076e-05,0.000492260016857708,371.25,2.0,68.0390625
0.9310000000000007,1.1030361870749706e-05,0.0007384111116956237,338.75,2.0,68.6484375
0.9380000000000007,5.47751573025406e-06,0.0008003681662917807,321.25,2.0,68.9765625
0.9450000000000007,2.7200538173684798e-06,0.0006381324316140902,302.5,2.0,69.328125
0.9520000000000007,1.350738751376638e-06,0.0008199229002021838,295.0,2.0,69.46875
0.9590000000000007,6.707570132001924e-07,0.0008714909287999495,291.875,2.0,69.52734375
0.9660000000000007,3.3308807517040114e-07,0.0006861911509919276,275.625,2.0,69.83203125
0.9730000000000008,1.6540664299779488e-07,0.0008077311442733124,261.25,2.0,70.1015625
0.9800000000000008,8.213850806217737e-08,0.0008855326165027168,258.75,2.0,70.1484375
0.9870000000000008,4.078877597902949e-08,0.0007268869677493493,243.75,2.0,70.4296875
0.9940000000000008,2.0255106710826108e-08,0.0007781798534401554,242.5,2.0,70.453125
1.0010000000000008,1.0058388319323003e-08,0.0008932686673172009,240.0,2.0,70.5
1.0080000000000007,4.994847819202979e-09,0.00066402113297857,225.625,2.0,70.76953125
1.0150000000000006,2.4803680216907705e-09,0.0007606618919433426,226.25,2.0,70.7578125
1.0220000000000005,1.231714307565809e-09,0.0008811250486426759,215.625,11.25,70.74609375
1.0290000000000004,6.116512236067929e-10,0.0007717393235262427,203.125,22.5,70.76953125
1.0360000000000003,3.037370086891664e-10,0.0007451317529917786,178.75,34.375,71.00390625
1.0430000000000001,1.5083133473260375e-10,0.0008783912391956116,166.25,46.875,71.00390625
1.05,7.490062417945379e-11,0.000806386132333353,154.375,58.75,71.00390625
1.057,3.7194549212320266e-11,0.0007162782236150198,143.75,70.625,70.98046875
1.0639999999999998,1.847026651998459e-11,0.0008666854312026496,141.875,83.125,70.78125
1.0709999999999997,9.172062910934852e-12,0.0008617148322533176,130.625,83.125,70.9921875
1.0779999999999996,4.554711647020503e-12,0.0006803618946980417,115.625,95.0,71.05078125
1.0849999999999995,2.261802866917948e-12,0.000838328776578903,105.0,106.875,71.02734375
1.0919999999999994,0.00040576511987853374,0.0008757863326113314,93.75,118.75,71.015625
1.0989999999999993,0.0004556002814083525,0.0006392400679649536,92.5,130.625,70.81640625
1.1059999999999992,0.0006855576817362003,0.00033079825567253033,81.25,143.75,70.78125
1.112999999999999,0.0008374730645117212,0.00029858055641164734,70.0,147.5,70.921875
1.119999999999999,0.0005741109941522471,0.0005465453239730882,70.0,159.375,70.69921875
1.126999999999999,0.0007743541458485896,0.0007762927280694963,59.375,173.125,70.640625
1.1339999999999988,0.0008617300046015116,0.0005106762740053893,46.875,186.25,70.62890625
1.1409999999999987,0.0006956812977150031,0.0002609461200488174,46.875,196.875,70.4296875
1.1479999999999986,0.0007888059831958029,0.00012991186774715153,35.625,201.25,70.55859375
1.1549999999999985,0.0008933355172035181,6.452554213354498e-05,35.0,214.375,70.32421875
1.1619999999999984,0.0007696900651183081,3.2042933437099604e-05,23.75,228.125,70.27734375
1.1689999999999983,0.0007534168806245469,1.5912067828195086e-05,23.125,228.125,70.2890625
1.1759999999999982,0.0008855562793639233,0.00010305755306387427,11.875,241.875,70.2421875
1.182999999999998,0.0008295283838915498,0.00047473954461391387,11.875,241.875,70.2421875
1.189999999999998,0.0007103711885053471,0.0007388101859974318,11.875,255.0,69.99609375
1.1969999999999978,0.0008623845981253624,0.0007010546302001589,11.875,257.5,69.94921875
1.2039999999999977,0.000871618585835588,0.0007100302753667251,2.0,257.5,70.171875
1.2109999999999976,0.0006802369346037314,0.0008627763378398908,2.0,264.375,70.04296875
1.2179999999999975,0.0008298153927551081,0.0005325269608973975,2.0,268.125,69.97265625
1.2249999999999974,0.0008934992988735014,0.00027036987276719956,2.0,274.375,69.85546875
1.2319999999999973,0.0007175404748562652,0.00013452461977622038,2.0,272.5,69.890625
1.2389999999999972,0.0007911693213961539,6.681342510370862e-05,2.0,280.0,69.75
1.245999999999997,0.0008964632731627813,3.317895794662574e-05,2.0,288.125,69.59765625
1.252999999999997,0.0007793638717370518,1.647619709037142e-05,2.0,289.375,69.57421875
1.259999999999997,0.0007489182912876536,8.181837835465755e-06,2.0,295.0,69.46875
1.2669999999999968,0.0008836734425101084,4.062980444244863e-06,2.0,308.125,69.22265625
1.2739999999999967,0.0008360279449915046,2.0176163787854116e-06,2.0,304.375,69.29296875
1.2809999999999966,0.0007049433143103715,1.0019186424131608e-06,2.0,315.0,69.09375
1.2879999999999965,0.0008587904115701714,4.975380734176625e-07,2.0,319.375,69.01171875
1.2949999999999964,0.0008754819713424271,2.470700953359238e-07,2.0,336.25,68.6953125
1.3019999999999963,0.0006818754933442104,1.2269137835016294e-07,2.0,338.125,68.66015625
1.3089999999999962,0.0008252650966900369,6.092673539060245e-08,2.0,341.875,68.58984375
1.315999999999996,0.0008948528291840886,3.025532140296113e-08,2.0,348.75,68.4609375
1.322999999999996,0.000724771845296961,3.8741703948001874e-05,2.0,346.875,68.49609375
1.3299999999999959,0.0007860419381942534,0.0004793489518517155,2.0,349.375,68.44921875
1.3369999999999957,0.0008956521501637568,0.0007289105258742921,2.0,351.25,68.4140625
1.3439999999999956,0.0007871019698249899,0.0005524295390995741,2.0,358.125,68.28515625
1.3509999999999955,0.0007434829050506268,0.0007503500765740448,2.0,361.25,68.2265625
1.3579999999999954,0.0008811498510936673,0.0008553221693310861,2.0,350.0,68.4375
1.3649999999999953,0.0008420229109088248,0.0005972317062502478,2.0,350.625,68.42578125
1.3719999999999952,0.0006993992700110722,0.0007841707091056928,2.0,350.0,68.4375
1.3789999999999951,0.0008550065072093444,0.0007505454899953132,2.0,350.0,68.4375
1.385999999999995,0.0008789987963136203,0.0006974948073560739,2.0,350.0,68.4375
1.392999999999995,0.0006846257419758123,0.0003713998642441048,2.0,357.5,68.296875
1.3999999999999948,0.0008206197554060324,0.000185647483153682,2.0,354.375,68.35546875
1.4069999999999947,0.0008959107634886126,9.224040966004677e-05,2.0,350.625,68.42578125
1.4139999999999946,0.0007193998948042868,4.580717906004375e-05,2.0,351.25,68.4140625
1.4209999999999945,0.0007829229401534848,0.0005015845643472787,2.0,363.125,68.19140625
1.4279999999999944,0.0008940814190534581,0.0006296602058245656,2.0,358.75,68.2734375
1.4349999999999943,0.0007863210578425277,0.0006198341118957727,2.0,356.875,68.30859375
1.4419999999999942,0.0007430950806318078,0.0003308574432749129,2.0,356.875,68.30859375
1.448999999999994,0.0008809572619025345,0.00016541137375285776,13.75,358.75,68.015625
1.455999999999994,0.0008419272739011948,8.218701702141561e-05,13.75,353.75,68.109375
1.4629999999999939,0.0006993517780769988,4.0814638217123084e-05,13.75,349.375,68.19140625
1.4699999999999938,0.0008549829234127805,0.00023267471070575061,26.875,351.875,67.8984375
1.4769999999999937,0.0008789870849468371,0.00046048290470079677,28.125,353.75,67.83984375
1.4839999999999935,0.0006846199262831803,0.0007389078372381355,34.375,339.375,67.9921875
1.4909999999999934,0.0008206168674185398,0.0004671773395092115,44.375,340.0,67.79296875
1.4979999999999933,0.0008959093293564662,0.00023766653380011745,44.375,340.0,67.79296875
1.5049999999999932,0.0007322676705531696,0.00011827292238075555,58.125,328.75,67.74609375
1.5119999999999931,0.0007808619607468123,5.874259390402254e-05,60.0,335.625,67.58203125
1.518999999999993,0.0008946009664416307,2.917108363735578e-05,76.25,341.875,67.16015625
1.525999999999993,0.0007947040447235542,1.448594494808315e-05,77.5,326.875,67.41796875
1.5329999999999928,0.00073802416113375,7.193507847400573e-06,94.375,328.125,67.078125
1.5399999999999927,0.0008784446965108563,3.572190296066831e-06,95.0,335.0,66.9375
1.5469999999999926,0.0008477272223117816,1.7738972039270706e-06,113.125,323.75,66.80859375
1.5539999999999925,0.0006938527730455084,8.808912819254152e-07,115.625,326.25,66.71484375
1.5609999999999924,0.0008510944962368402,4.3743766484275207e-07,133.75,326.875,66.36328125
1.5679999999999923,0.0008821973714887368,2.172251156857631e-07,135.0,310.0,66.65625
1.5749999999999922,0.0006883588254758822,1.0787080006393946e-07,151.25,313.125,66.29296875
1.581999999999992,0.0008158912582913485,5.356705401997376e-08,155.625,311.25,66.24609375
1.588999999999992,0.0008966822116999314,2.6600611793719515e-08,174.375,300.625,66.09375
1.5959999999999919,0.0007399618806334338,1.320947288862156e-08,175.0,301.25,66.0703125
1.6029999999999918,0.0007756352565589485,6.5596301073205294e-09,191.875,287.5,66.01171875
1.6099999999999917,0.0008933179035126151,3.2574159096030396e-09,216.875,288.75,65.51953125
1.6169999999999916,0.0008021407922359083,1.6175848690451965e-09,216.875,271.25,65.84765625
1.6239999999999915,0.0007325452656070994,8.032688736031958e-10,235.0,271.25,65.5078125
1.6309999999999913,0.0008755651404233271,3.988915176244263e-10,253.125,253.125,65.5078125
1.6379999999999912,0.0008531323111199725,1.9808366545934215e-10,253.125,256.25,65.44921875
1.6449999999999911,0.0006883059972086975,9.836543718824335e-11,280.0,240.625,65.23828125
1.651999999999991,0.0008470605097770128,4.884683050869861e-11,284.375,241.25,65.14453125
1.658999999999991,0.0008850794140528155,2.4256618167409593e-11,305.625,233.125,64.8984375
1.6659999999999908,0.0006929437519073027,1.204548010161531e-11,326.875,221.875,64.7109375
1.6729999999999907,0.0008110845716118212,5.9816083955740145e-12,330.0,222.5,64.640625
1.6799999999999906,0.0008971732476142153,2.9703788222773684e-12,351.25,224.375,64.20703125
1.6869999999999905,0.0007477889077955645,1.4750464698361768e-12,360.625,207.5,64.34765625
1.6939999999999904,0.0007703646074199691,7.324863993300441e-13,375.625,208.75,64.04296875
1.7009999999999903,0.0008918097197865266,3.637419811343859e-13,396.25,209.375,63.64453125
1.7079999999999902,0.0008093856517717245,1.806289222033081e-13,410.0,192.5,63.703125
1.71499999999999,0.0007270489497219359,0.00016004869344001034,425.0,193.125,63.41015625
1.72199999999999,0.0008725180750992998,0.0004601486611161847,440.0,175.0,63.46874999999999
1.7289999999999899,0.0008582312786817575,0.0007359600786333296,457.5,176.25,63.1171875
1.7359999999999898,0.000682760980782211,0.00048179287835492393,479.375,175.0,62.73046875
1.7429999999999897,0.0008435395440560305,0.000671159069715792,498.125,157.5,62.70703125
1.7499999999999896,0.0008832919731080188,0.0005921820288653071,517.5,158.125,62.33203125
1.7569999999999895,0.0006920544805184894,0.0007368053760367013,530.625,158.125,62.08593749999999
1.7639999999999894,0.0008106429081330382,0.0008674843612458498,545.0,140.625,62.14453125
1.7709999999999892,0.0008757170532504283,0.0005714260815321019,558.125,140.625,61.8984375
1.7779999999999891,0.0007082339577140247,0.0007775457794101815,572.5,140.625,61.62890625000001
1.784999999999989,0.0007865266203683464,0.0008475635884233001,585.0,140.625,61.39453125
1.791999999999989,0.0008905233710937803,0.0006253496119419445,600.0,130.0,61.3125
1.7989999999999888,0.0007681998791957495,0.0003239061927708488,617.5,121.875,61.13671875
1.8059999999999887,0.0007526727484580515,0.0001614678926366644,633.125,120.625,60.8671875
1.8129999999999886,0.0008851865904296909,8.020788894095134e-05,653.125,113.75,60.62109374999999
1.8199999999999885,0.0008293447956689909,3.983102114123231e-05,679.375,98.75,60.41015625
1.8269999999999884,0.0007102800210712035,1.9779534771833554e-05,703.75,97.5,59.9765625
1.8339999999999883,0.0008623393257096328,9.822227522187272e-06,723.75,77.5,59.9765625
1.8409999999999882,0.0008715961042190031,4.877573880871898e-06,755.0,61.25,59.6953125
1.847999999999988,0.0006802257705633211,2.4221315088567116e-06,755.0,56.25,59.78906250000001
1.854999999999988,0.0008298098488567091,1.2027949111973835e-06,750.625,36.875,60.234375
1.8619999999999879,0.0008515933470935262,5.972902763773447e-07,746.25,36.875,60.31640625
1.8689999999999878,0.0006406319080488096,0.00010807543979015537,740.0,18.125,60.78515625
1.8759999999999877,0.0006404770199529637,0.00046898338211941154,732.5,17.5,60.9375
1.8829999999999876,0.00059455702018376,0.0007343577881945874,728.75,2.0,61.33593750000001
1.8899999999999875,0.0008027309302768578,0.0004992825782566214,726.875,2.0,61.37109375
1.8969999999999874,0.00046977091946291395,0.00025594859128254775,707.5,2.0,61.734375
1.9039999999999873,0.0007031642143465186,0.0001274614543266347,699.375,2.0,61.88671875
1.9109999999999872,0.0006896990622829114,6.330999012775803e-05,678.125,2.0,62.28515625
1.917999999999987,0.0006950366721476268,3.143935739136686e-05,675.625,2.0,62.33203125
1.924999999999987,0.0003734869272585441,1.5612342632718905e-05,656.25,2.0,62.6953125
1.9319999999999868,0.0001868583465823089,7.752860605932883e-06,650.625,2.0,62.80078125000001
1.9389999999999867,9.284922676496417e-05,3.84995666328328e-06,627.5,2.0,63.234375
1.9459999999999866,4.610980377736094e-05,1.9118319000364247e-06,603.75,2.0,63.67968750000001
1.9529999999999865,2.2897533342855887e-05,9.493876249050704e-07,597.5,2.0,63.796875
1.9599999999999864,1.1370581484543328e-05,1.4541519393718636e-06,576.875,2.0,64.18359375
1.9669999999999863,5.646463762786305e-06,0.00048613750231577045,571.25,2.0,64.2890625
1.9739999999999862,2.80395092647573e-06,0.0007096285866291285,552.5,2.0,64.640625
1.980999999999986,1.3924008227576375e-06,0.0006098237105864492,552.5,2.0,64.640625
1.987999999999986,6.914457855724272e-07,0.0007622868909556838,533.125,2.0,65.00390625
1.994999999999986,3.4336181548390335e-07,0.0008755813303970196,533.75,2.0,64.9921875
2.001999999999986,1.7050843145244838e-07,0.0007448620351424575,534.375,2.0,64.98046875
2.008999999999986,8.4671981231811e-08,0.0007596760696095428,532.5,2.0,65.015625
2.0159999999999862,4.20468615226194e-08,0.0008797537202186846,526.25,2.0,65.1328125
2.0229999999999864,2.087985350268528e-08,0.0007870948358923549,523.75,2.0,65.1796875
2.0299999999999865,1.0368628394751091e-08,0.0007342352148927497,520.0,2.0,65.25
2.0369999999999866,5.148908481307708e-09,0.0008724663538145297,518.75,2.0,65.2734375
2.0439999999999867,2.5568722823843546e-09,0.0005372150619153481,513.125,2.0,65.37890625
2.050999999999987,1.269705199103668e-09,0.00027269256134921234,503.75000000000006,2.0,65.5546875
2.057999999999987,6.305169420224271e-10,0.0001356778223766467,498.125,2.0,65.66015625
2.064999999999987,3.131054471998376e-10,6.738608074117604e-05,489.375,2.0,65.82421875
2.071999999999987,1.5548356361647647e-10,3.3463330039537266e-05,485.625,2.0,65.89453125
2.0789999999999873,7.721085267305895e-11,1.6617412082698135e-05,479.375,2.0,66.01171875
2.0859999999999874,3.8341774730644735e-11,0.0004633909360257331,472.5,2.0,66.140625
2.0929999999999875,1.9039961852519003e-11,0.0005458624397047713,470.625,2.0,66.17578125
2.0999999999999877,9.454965240709996e-12,0.000651476051197663,470.625,2.0,66.17578125
2.1069999999999878,4.695196786395191e-12,0.0008343979575505082,468.75,2.0,66.2109375
2.113999999999988,2.3315657225325048e-12,0.0007965190387440599,483.125,2.0,65.94140625
2.120999999999988,1.1578212726334408e-12,0.0007027604756301704,484.375,2.0,65.91796875
2.127999999999988,5.74957028406834e-13,0.0008488238598922421,485.0,2.0,65.90625
2.1349999999999882,2.8551521061841366e-13,0.0005331601205461334,486.25,2.0,65.8828125
2.1419999999999884,1.4178265760201323e-13,0.0006544591111126807,500.0,2.0,65.625
2.1489999999999885,7.040718409764914e-14,0.0005695733189065209,498.75,2.0,65.6484375
2.1559999999999886,3.4963172904228815e-14,0.000763331065772294,510.625,2.0,65.42578125
2.1629999999999887,1.736219783815805e-14,0.0008674558965433963,513.125,2.0,65.37890625
2.169999999999989,8.621812287948263e-15,0.0006926464157318072,526.875,2.0,65.12109375
2.176999999999989,4.2814652742432976e-15,0.0007778855186410748,537.5,2.0,64.921875
2.183999999999989,2.1261127338824776e-15,0.0004271271031999712,550.625,2.0,64.67578125
2.190999999999989,0.00048733920848512277,0.00021417590935570883,545.0,2.0,64.78125
2.1979999999999893,0.0006954477079812217,0.00010644443675080269,555.625,2.0,64.58203125
2.2049999999999894,0.0005639392438291509,0.0005403666643058507,565.625,2.0,64.39453125
2.2119999999999895,0.00029459612967500055,0.0007077821130186601,571.875,2.0,64.27734375
2.2189999999999896,0.00014697165620997742,0.0005986572226778405,577.5,2.0,64.171875
2.2259999999999898,7.301173579154588e-05,0.0007892943449234529,576.875,13.125,63.9375
2.23299999999999,3.6257612568921005e-05,0.0008733767539239539,572.5,25.625,63.78515625
2.23999999999999,1.8005036099918568e-05,0.0007075479002217118,570.625,39.375,63.5625
2.24699999999999,8.941037685148967e-06,0.0007862071551614964,563.75,48.125,63.52734375
2.2539999999999902,4.439987962299329e-06,0.0008822251353175889,560.0,54.375,63.48046875
2.2609999999999904,2.2048327726962724e-06,0.0006955976863359275,556.25,68.75,63.28125
2.2679999999999905,1.094887552292679e-06,0.0007698430280486127,552.5,80.625,63.12890625
2.2749999999999906,5.437050677744905e-07,0.0004214787537835983,548.75,96.25,62.90625
2.2819999999999907,2.699959462537837e-07,0.0002112797650874978,540.0,120.0,62.625
2.288999999999991,1.3407601899288604e-07,0.00010500225139649623,531.25,132.5,62.5546875
2.295999999999991,6.65801806227252e-08,5.214583233305282e-05,520.625,146.25,62.49609375
2.302999999999991,3.3062739221022933e-08,2.5894974283395138e-05,512.5,156.25,62.4609375
2.309999999999991,1.6418470400247833e-08,9.571536680212588e-05,505.0,169.375,62.35546875
2.3169999999999913,8.153171111497333e-09,0.00047909551099642835,498.125,186.25,62.16796875
2.3239999999999914,4.04874495326625e-09,0.000678546918326279,498.125,200.625,61.8984375
2.3309999999999915,2.010547242591657e-09,0.0005890121621623911,498.75,215.0,61.6171875
2.3379999999999916,9.984082132493588e-10,0.0007594126039299233,501.25,228.75,61.3125
2.3449999999999918,4.957948458842712e-10,0.0008308762204575255,503.75000000000006,250.625,60.85546875
2.351999999999992,2.4620443416165586e-10,0.0006691772582836399,510.0,266.25,60.4453125
2.358999999999992,1.2226150373295796e-10,0.0007917224605935782,512.5,282.5,60.09375
2.365999999999992,6.071326597322544e-11,0.0008702339119308523,517.5,303.75,59.6015625
2.3729999999999922,3.01493156274828e-11,0.0006871678828173414,524.375,317.5,59.21484375
2.3799999999999923,1.4971707059976644e-11,0.0007835980408156834,527.5,337.5,58.78124999999999
2.3869999999999925,7.434729698654491e-12,0.0004316404303209299,531.875,353.125,58.40625000000001
2.3939999999999926,3.691977506013353e-12,0.0005648346893300449,528.75,366.25,58.21875
2.4009999999999927,1.8333817714146913e-12,0.0005256524394921081,526.25,381.25,57.98437499999999
2.407999999999993,9.104304439235971e-13,0.0007634710400560773,523.75,393.75,57.796875
2.414999999999993,4.521063785767473e-13,0.0008481538643169977,522.5,406.25,57.5859375
2.421999999999993,2.2450938335156826e-13,0.0006786464525800745,521.25,416.25,57.421875
2.428999999999993,1.1148806033566059e-13,0.0007964645192284842,515.625,423.75,57.38671875
2.4359999999999933,5.536333231089896e-14,0.0008925534845714637,512.5,424.375,57.43359375
2.4429999999999934,2.7492617194512548e-14,0.0007532901591183006,512.5,425.625,57.41015625
2.4499999999999935,1.365242966155794e-14,0.000763861352171294,512.5,431.25,57.3046875
2.4569999999999936,6.779595930975605e-15,0.0008894916055108709,512.5,438.125,57.17578125
2.4639999999999938,3.366647704966525e-15,0.0008161214902560355,510.0,428.75,57.39843749999999
2.470999999999994,1.6718277733294537e-15,0.0007213919504194187,495.625,433.125,57.5859375
2.477999999999994,8.302051027057221e-16,0.0008692378495544578,486.875,437.5,57.66796875
2.484999999999994,4.1226765313629956e-16,0.0008629828571603848,486.875,431.875,57.7734375
2.491999999999994,2.0472605777606086e-16,0.0006809915974596426,485.0,426.875,57.90234374999999
2.4989999999999943,1.0166395159474282e-16,0.0008386414784530982,476.875,420.0,58.18359375
2.5059999999999945,5.0484824287310514e-17,0.0008899002309517915,471.875,411.875,58.4296875
2.5129999999999946,2.5070021805570012e-17,0.0007041958399281103,467.5,400.625,58.72265625
2.5199999999999947,1.2449404394376247e-17,0.0008012546724299254,458.75,386.25,59.15624999999999
2.526999999999995,6.1821912632034386e-18,0.000897339197337269,455.0,370.0,59.53125
2.533999999999995,3.0699853265344762e-18,0.0007636190256606789,450.625,358.125,59.8359375
2.540999999999995,1.5245095960122914e-18,0.0007597071163343461,445.0,346.25,60.16406250000001
2.547999999999995,7.570490608686829e-19,0.0008881476678946939,441.25,332.5,60.4921875
2.5549999999999953,3.7593943787647637e-19,0.0008232104938499555,438.75,324.375,60.69140625
2.5619999999999954,1.866859999650617e-19,0.0007160150649361515,435.0,315.625,60.92578125
2.5689999999999955,9.270552400625329e-20,0.0008659487940868174,430.0,305.625,61.20703124999999
2.5759999999999956,4.6036200801787115e-20,0.0008674912956205346,427.5,298.75,61.3828125
2.5829999999999957,2.286090076055779e-20,0.0006799058846877951,424.375,292.5,61.55859375
2.589999999999996,1.1352387349126857e-20,0.0008342857284964489,419.375,281.25,61.86328125
2.596999999999996,5.6374287205239164e-21,0.0008918549115398679,418.75,275.625,61.98046875
2.603999999999996,2.799464253783786e-21,0.0007106561094791567,416.875,271.25,62.09765625
2.610999999999996,1.390172806918414e-21,0.0007962428424879396,412.5,263.75,62.3203125
2.6179999999999963,6.903393856461369e-22,0.000897028573852958,408.125,253.74999999999997,62.58984374999999
2.6249999999999964,3.428123935402618e-22,0.0007715239835460959,402.5,244.375,62.87109375
2.6319999999999966,1.7023559658965116e-22,0.0007543275775909059,396.25,231.25,63.234375
2.6389999999999967,8.453649544858376e-23,0.0008860085180945399,387.5,216.25,63.67968750000001
2.645999999999997,4.197958127379605e-23,0.0008297529589990099,381.25,201.25,64.078125
2.652999999999997,2.0846443119884172e-23,0.0007104827092033098,372.5,186.875,64.51171875
2.659999999999997,1.0352037289658024e-23,0.0008624399776650393,361.875,171.875,64.9921875
2.666999999999997,5.140669582344832e-24,0.0008716460865011224,352.5,163.125,65.33203125
2.6739999999999973,2.5527809662399673e-24,0.0006802505910300804,341.25,154.375,65.70703125
2.6809999999999974,1.2676735116332026e-24,0.0008298221743357349,326.875,146.875,66.1171875
2.6879999999999975,6.295080358826971e-25,0.0008935026665067773,315.625,143.125,66.3984375
2.6949999999999976,3.126044392379426e-25,0.0007175421471734587,301.25,142.5,66.6796875
2.7019999999999977,1.5523477042551704e-25,0.0007911701518442952,284.375,140.0,67.04296875
2.708999999999998,7.70873056307451e-26,0.000896463685551124,270.0,140.625,67.30078125
2.715999999999998,3.828042308510481e-26,0.0007793640765230423,255.625,143.75,67.51171875
2.722999999999998,1.900949552698047e-26,0.000748918392981367,238.75,143.75,67.828125
2.729999999999998,9.439836111187043e-27,0.0008836734930097121,220.625,142.5,68.19140625
2.7369999999999983,4.687683883014938e-27,0.0008360279700688653,203.75,143.75,68.484375
2.7439999999999984,2.327834925125067e-27,0.0007049433267634207,185.0,140.625,68.89453125
2.7509999999999986,1.1559686134694847e-27,0.0008587904177541724,166.25,140.0,69.2578125
2.7579999999999987,5.740370250930784e-28,0.0008754819744133111,146.25,139.375,69.64453125
2.764999999999999,2.8505835049336325e-28,0.0006606366014094927,128.75,139.375,69.97265625
2.771999999999999,1.4155578757802487e-28,0.0008302559991818231,107.5,140.0,70.359375
2.778999999999999,7.029452377786568e-29,0.00087162979256807,86.25,147.5,70.6171875
2.785999999999999,3.49072274451039e-29,0.0006738726752778465,66.875,153.75,70.86328125
2.7929999999999993,1.7334416145342742e-29,0.000814677840658072,48.125,155.625,71.1796875
2.7999999999999994,8.608016307581737e-30,0.0008929302009104195,31.875,160.0,71.40234375
2.8069999999999995,4.274614393141883e-30,0.0007307870226889066,18.125,163.125,71.6015625
2.8139999999999996,2.1227106870094924e-30,0.0007801266441544752,8.75,160.0,71.8359375
2.8209999999999997,1.0541069313698803e-30,0.0008911583086977696,2.0,151.25,72.12890625
2.828,5.2345401074294264e-31,0.0007847845140660042,2.0,136.875,72.43359375
2.835,2.5993956894561585e-31,0.0007423283231151886,2.0,116.875,72.80859375
2.842,1.290821698122668e-31,0.0007720295435541066,2.0,100.0,73.125
2.849,6.410030851027881e-32,0.0006066462064491913,2.0,76.875,73.55859375
2.8560000000000003,3.1831271174699885e-32,0.0004114714594854779,2.0,56.875,73.93359375
2.8630000000000004,1.5806941466355082e-32,0.0006285995519300051,2.0,35.0,74.34375
2.8700000000000006,7.84949483008297e-33,0.0008116101608155287,2.0,22.5,74.578125
2.8770000000000007,3.8979437748058486e-33,0.0007289928374539746,2.0,11.875,74.77734375
2.884000000000001,1.9356615935737963e-33,0.0007332023516568375,2.0,3.75,74.9296875
2.891000000000001,9.612211004822081e-34,0.0008755178500043079,2.0,2.0,75.0
2.898000000000001,4.773282721936709e-34,0.0008245434402952592,2.0,2.0,75.0
2.905000000000001,2.370342050555228e-34,0.0007078957385206961,2.0,2.0,75.0
2.9120000000000013,1.1770770272645208e-34,0.0008572550144201638,2.0,2.0,75.0
2.9190000000000014,5.845191531700416e-35,0.0008298306690805856,2.0,2.0,75.0
2.9260000000000015,2.902636212488426e-35,0.000693330742448534,2.0,2.0,75.0
2.9330000000000016,1.4414064853745113e-35,0.0008519924153506697,2.0,2.0,75.0
2.9400000000000017,7.157812774266098e-36,0.0008775020221620962,2.0,2.0,75.0
2.947000000000002,3.5544646309909624e-36,0.0006756238300320018,2.0,2.0,75.0
2.954000000000002,1.765094898596468e-36,0.0008215338462485692,2.0,2.0,75.0
2.961000000000002,8.765201864401947e-37,0.0008929687071574974,2.0,2.0,75.0
2.968000000000002,4.352670430627068e-37,0.0007238349029196665,2.0,2.0,75.0
2.9750000000000023,2.1614721680968285e-37,0.0007855766154412143,2.0,2.0,75.0
2.9820000000000024,1.073355313231041e-37,0.0008954210758458775,2.0,2.0,75.0
2.9890000000000025,5.330124742969598e-38,0.0007478332716169429,2.0,2.0,75.0
2.9960000000000027,2.646861614733667e-38,0.0007508123520003743,2.0,2.0,75.0
3.003000000000003,1.3143925790463386e-38,0.0008836804205694051,2.0,2.0,75.0
3.010000000000003,6.527080381669002e-39,0.0008091457278849668,2.0,2.0,75.0
3.017000000000003,3.241252194202051e-39,0.0007176543839096065,2.0,2.0,75.0
3.024000000000003,1.6095582055223968e-39,0.000867369040266245,2.0,2.0,75.0
3.0310000000000032,7.992829504592957e-40,0.0008620543109671421,2.0,2.0,75.0
3.0380000000000034,3.969121667691235e-40,0.0006767406867623949,2.0,2.0,75.0
3.0450000000000035,1.971007489135518e-40,0.0008406196704895784,2.0,2.0,75.0
3.0520000000000036,9.787733527675045e-41,0.0008716949047486007,2.0,2.0,75.0
3.0590000000000037,4.860444627269876e-41,0.0006809919564410047,2.0,2.0,75.0
3.066000000000004,2.413625371794135e-41,0.0008188150069525365,2.0,2.0,75.0
3.073000000000004,1.198570888491044e-41,0.0008950145421706308,2.0,2.0,75.0
3.080000000000004,5.95192688776865e-42,0.0006111760099033348,2.0,2.0,75.0
3.087000000000004,2.955639421706855e-42,0.0007906496645521266,2.0,2.0,75.0
3.0940000000000043,1.4677271001261652e-42,0.000676885838707928,2.0,2.0,75.0
3.1010000000000044,7.28851707899036e-43,0.00071431386508501,2.0,2.0,75.0
3.1080000000000045,3.6193704678593064e-43,0.0008634430396861308,2.0,2.0,75.0
3.1150000000000047,1.797326183315569e-43,0.0008031095280274723,2.0,2.0,75.0
3.1220000000000048,8.925257687540163e-44,0.0007149270900864241,2.0,2.0,75.0
3.129000000000005,4.4321518001837466e-44,0.0008509916827279483,2.0,2.0,75.0
3.136000000000005,2.2009414481438882e-44,0.0007804705923948894,2.0,2.0,75.0
3.143000000000005,1.0929551776536377e-44,0.0007217559145689473,2.0,2.0,75.0
3.1500000000000052,5.4274547892552577e-45,0.0008702061954139471,2.0,2.0,75.0
3.1570000000000054,2.6951942853364637e-45,0.0008504710963938696,2.0,2.0,75.0
3.1640000000000055,1.3383938729606784e-45,0.0006869844755995778,2.0,2.0,75.0
3.1710000000000056,6.646267279967393e-46,0.0007908295721152379,2.0,2.0,75.0
3.1780000000000057,3.3004386563015138e-46,0.000671182599856186,2.0,2.0,75.0
3.185000000000006,1.6389493327843982e-46,0.0007593458136763248,2.0,2.0,75.0
3.192000000000006,8.13878152319469e-47,0.0008790399938734212,2.0,2.0,75.0
3.199000000000006,4.0415992951875457e-47,0.0007706219032940012,2.0,2.0,75.0
3.206000000000006,2.006998813803855e-47,0.000744573210757656,2.0,2.0,75.0
3.2130000000000063,9.96646115661786e-48,0.0008583377167862451,2.0,2.0,75.0
3.2200000000000064,4.949198141184362e-48,0.0007515978498547277,2.0,2.0,75.0
3.2270000000000065,2.4576990624639168e-48,0.0007444013857597857,2.0,2.0,75.0
3.2340000000000066,1.2204572355615067e-48,0.000400424769283442,2.0,2.0,75.0
3.2410000000000068,6.0606112708573465e-49,0.0006664114758603924,2.0,2.0,75.0
3.248000000000007,3.009610489100335e-49,0.000658410726804928,2.0,2.0,75.0
3.255000000000007,1.4945283390237031e-49,0.0006884359130091446,2.0,2.0,75.0
3.262000000000007,7.421608092589564e-50,0.00037138043479868375,2.0,2.0,75.0
3.2690000000000072,3.6854615092793734e-50,0.00018587488754909633,2.0,2.0,75.0
3.2760000000000074,1.830146023197044e-50,9.236356769150406e-05,2.0,2.0,75.0
3.2830000000000075,9.088236189119439e-51,0.0005322954796419581,2.0,2.0,75.0
3.2900000000000076,4.513084528901957e-51,0.0006880654357689032,2.0,2.0,75.0
3.2970000000000077,2.2411314518210886e-51,0.0005982085057647607,2.0,2.0,75.0
3.304000000000008,1.1129129428390575e-51,0.0008025221727545927,2.0,2.0,75.0
3.311000000000008,5.526562118131248e-52,0.0008473731118550752,2.0,2.0,75.0
3.318000000000008,2.7444095283543037e-52,0.0006679099457664102,2.0,2.0,75.0
3.325000000000008,1.3628334393658609e-52,0.0008183297343112101,2.0,2.0,75.0
3.3320000000000083,6.7676305750458785e-53,0.0008856143964637329,2.0,2.0,75.0
3.3390000000000084,3.360705885057189e-53,0.0007134981010713412,2.0,2.0,75.0
3.3460000000000085,1.6688771528847015e-53,0.0007891562661614556,2.0,2.0,75.0
3.3530000000000086,8.287398679557923e-54,0.0008954633926388297,2.0,2.0,75.0
3.3600000000000088,0.0003078348989736189,0.0007788673372330562,2.0,2.0,75.0
3.367000000000009,0.00042869383419292937,0.0007486717192418478,2.0,2.0,75.0
3.374000000000009,0.0007203379969944261,0.0008732465348851533,2.0,2.0,75.0
3.381000000000009,0.0004288547442112853,0.0007918123125221213,2.0,2.0,75.0
3.3880000000000092,0.00021679902638326907,0.0007274005646432731,2.0,2.0,75.0
3.3950000000000093,0.00010782601222430262,0.0008730097370321379,2.0,2.0,75.0
3.4020000000000095,5.3551388959005266e-05,0.0008309413558847771,2.0,2.0,75.0
3.4090000000000096,2.659307780233929e-05,0.0006934441648817401,2.0,2.0,75.0
3.4160000000000097,1.320574042235607e-05,0.0008520283999583282,2.0,2.0,75.0
3.42300000000001,6.557776927634785e-06,0.000869314371548454,2.0,2.0,75.0
3.43000000000001,3.2564956583925843e-06,0.0006786413707116926,2.0,2.0,75.0
3.43700000000001,1.6171278861766226e-06,0.0008236512903711024,2.0,2.0,75.0
3.44400000000001,8.030419426385655e-07,0.0008940511225766035,2.0,2.0,75.0
3.4510000000000103,3.9877882704281276e-07,0.0007243737177095897,2.0,2.0,75.0
3.4580000000000104,1.9802770497265023e-07,0.0007858442334549852,2.0,2.0,75.0
3.4650000000000105,9.833764803295956e-08,0.000892202060108418,2.0,2.0,75.0
3.4720000000000106,4.883303082257992e-08,0.000777158116649402,2.0,2.0,75.0
3.4790000000000108,2.4249765446086113e-08,0.0007478190027373034,2.0,2.0,75.0
3.486000000000011,1.2042077140915105e-08,0.0008199244371260879,2.0,2.0,75.0
3.493000000000011,5.979918535300916e-09,0.0006733083915184271,2.0,2.0,75.0
3.500000000000011,2.969539662500285e-09,0.000777624623428241,2.0,2.0,75.0
3.507000000000011,1.4746297554233437e-09,0.0008651436809842257,2.0,2.0,75.0
3.5140000000000113,7.322794650767531e-10,0.0005958079640914108,2.0,2.0,75.0
3.5210000000000115,3.6363922062535024e-10,0.0006246724340792486,2.0,2.0,75.0
3.5280000000000116,1.8057789284471096e-10,0.0005783554061906045,2.0,2.0,75.0
3.5350000000000117,8.967232777630336e-11,0.0007938559815950981,2.0,2.0,75.0
3.542000000000012,4.4529960130478465e-11,0.0008485813728670379,2.0,2.0,75.0
3.549000000000012,2.2112923779213003e-11,0.0006410039396071327,2.0,2.0,75.0
3.556000000000012,1.0980952972616777e-11,0.0008182821752973059,2.0,2.0,75.0
3.563000000000012,5.452979867826083e-12,0.0008752463509913403,2.0,2.0,75.0
3.5700000000000123,2.707869664232856e-12,0.0006920948315525021,2.0,2.0,75.0
3.5770000000000124,1.3446882798406157e-12,0.0008031425781900839,2.0,2.0,75.0
3.5840000000000125,6.677524379494e-13,0.0008913490041955033,2.0,2.0,75.0
3.5910000000000126,3.3159604725655716e-13,0.0007447899675760948,2.0,2.0,75.0
3.5980000000000127,1.6466572386292796e-13,0.0007688706479359371,2.0,2.0,75.0
3.605000000000013,8.177057850850446e-14,0.0008885169417984284,2.0,2.0,75.0
3.612000000000013,4.0606067569844995e-14,0.0005619247327922426,2.0,2.0,75.0
3.619000000000013,2.0164376399945967e-14,0.0002860859948736386,2.0,2.0,75.0
3.626000000000013,1.0013332980331502e-14,0.00014238136223074745,2.0,2.0,75.0
3.6330000000000133,4.972474000002463e-15,0.0003785520092737979,2.0,2.0,75.0
3.6400000000000134,2.469257511886109e-15,0.00046381138649150217,2.0,2.0,75.0
3.6470000000000136,1.226196991679183e-15,0.000737942171439316,2.0,2.0,75.0
3.6540000000000137,6.089114056211195e-16,0.0008154164610301446,2.0,2.0,75.0
3.661000000000014,3.023764553424181e-16,0.0006390285621452951,2.0,2.0,75.0
3.668000000000014,1.5015570393558423e-16,0.0008126539748589248,2.0,2.0,75.0
3.675000000000014,7.456511585486503e-17,0.0004620098928058563,2.0,2.0,75.0
3.682000000000014,3.702794070902981e-17,0.0005403410964859202,2.0,2.0,75.0
3.6890000000000143,1.8387531185763863e-17,0.0005442856361488076,2.0,2.0,75.0
3.6960000000000144,9.130977759856567e-18,0.0007779096872620338,2.0,2.0,75.0
3.7030000000000145,4.534309364790979e-18,0.0008352639347102466,2.0,2.0,75.0
3.7100000000000146,2.251671393398962e-18,0.000661901558199339,2.0,2.0,75.0
3.7170000000000147,1.1181469229294496e-18,0.0008153462473096969,2.0,2.0,75.0
3.724000000000015,5.552553294063505e-19,0.000889927271164353,2.0,2.0,75.0
3.731000000000015,2.7573163643505186e-19,0.0006145470512411917,2.0,2.0,75.0
3.738000000000015,1.3692427844400268e-19,0.0008024179586271176,2.0,2.0,75.0
3.745000000000015,6.799458440753463e-20,0.0004839872815591192,2.0,2.0,75.0
3.7520000000000153,3.3765111354186226e-20,0.0006283418030608044,2.0,2.0,75.0
3.7590000000000154,1.6767258079369324e-20,0.0005482664397985549,2.0,2.0,75.0
3.7660000000000156,8.326373947092582e-21,0.0007581314824349122,2.0,2.0,75.0
3.7730000000000157,4.13475493599785e-21,0.0008556833340759931,2.0,2.0,75.0
3.780000000000016,2.053258535995523e-21,0.0006986332267178312,2.0,2.0,75.0
3.787000000000016,1.0196180138596416e-21,0.0007817745286759387,2.0,2.0,75.0
3.794000000000016,5.063273211636834e-22,0.0008542661621157964,2.0,2.0,75.0
3.801000000000016,2.5143470659795837e-22,0.0006848817838898535,2.0,2.0,75.0
3.8080000000000163,1.2485878015965102e-22,0.0007829145669876077,2.0,2.0,75.0
3.8150000000000164,6.200303527660516e-23,0.0008903844737172364,2.0,2.0,75.0
3.8220000000000165,3.0789796108822467e-23,0.0007682235650403013,2.0,2.0,75.0
3.8290000000000166,1.5289760254375167e-23,0.0007526885977160393,2.0,2.0,75.0
3.8360000000000167,7.59267024081671e-24,0.0008833786287145649,2.0,2.0,75.0
3.843000000000017,3.770408458123958e-24,0.0005467108637695626,2.0,2.0,75.0
3.850000000000017,1.872329429595185e-24,0.00027767538574544244,2.0,2.0,75.0
3.857000000000017,9.29771278593121e-25,0.00013816464853271462,2.0,2.0,75.0
3.864000000000017,4.617107528366922e-25,6.862150890670751e-05,2.0,2.0,75.0
3.8710000000000173,2.2927877446116924e-25,0.0003419117437611456,2.0,2.0,75.0
3.8780000000000174,1.1385646986872186e-25,0.0004456159093851928,2.0,2.0,75.0
3.8850000000000176,5.653944967837673e-26,0.0007289065482785652,2.0,2.0,75.0
3.8920000000000177,2.8076659794735823e-26,0.0007841980551278784,2.0,2.0,75.0
3.899000000000018,1.394245663361694e-26,0.00064130571715905,2.0,2.0,75.0
3.906000000000018,6.92361906300322e-27,0.0008189083777546553,2.0,2.0,75.0
3.913000000000018,3.438167475737448e-27,0.0008801000254029507,2.0,2.0,75.0
3.920000000000018,1.7073434404248243e-27,0.0006293462381567835,2.0,2.0,75.0
3.9270000000000183,8.478416610396321e-28,0.0008102270847457898,2.0,2.0,75.0
3.9340000000000184,4.2102570881437915e-28,0.0008639822282307588,2.0,2.0,75.0
3.9410000000000185,2.090751795155821e-28,0.0006722374229805862,2.0,2.0,75.0
3.9480000000000186,1.038236615349888e-28,0.0008073006844901581,2.0,2.0,75.0
3.9550000000000187,5.155730450408888e-29,0.0008923873852606717,2.0,2.0,75.0
3.962000000000019,2.560259971982917e-29,0.0007378279224987075,2.0,2.0,75.0
3.969000000000019,1.2713874759721215e-29,0.0007745755175353768,2.0,2.0,75.0
3.976000000000019,6.313523359922092e-30,0.0008927916509664733,2.0,2.0,75.0
3.983000000000019,3.135202915681075e-30,0.0007893033600230796,2.0,2.0,75.0
3.9900000000000193,1.5568956923312002e-30,0.0007350320526083535,2.0,2.0,75.0
3.9970000000000194,7.731315203478256e-31,0.000876944229937399,2.0,2.0,75.0
4.004000000000019,3.8392575090263945e-31,0.0008469815119931701,2.0,2.0,75.0
4.011000000000019,1.9065188564533227e-31,0.0006934824413234454,2.0,2.0,75.0
4.0180000000000184,9.467492455159238e-32,0.0008503242583614495,2.0,2.0,75.0
4.025000000000018,4.7014176169881296e-32,0.0008469240964991228,2.0,2.0,75.0
4.032000000000018,2.3346548955823342e-32,0.0006771337621328895,5.625,2.0,74.89453125
4.0390000000000175,1.1593553105708555e-32,0.0008415514679369702,20.625,2.0,74.61328125
4.046000000000017,5.757188091020119e-33,0.0004889347981223369,39.375,2.0,74.26171875
4.053000000000017,2.8589349971635106e-33,0.00024662905519862356,54.375,2.0,73.98046875
4.0600000000000165,1.4197051040863341e-33,0.000609171388742706,65.625,2.0,73.76953125
4.067000000000016,7.050046904069266e-34,0.0007660641543472668,78.125,2.0,73.53515625
4.074000000000016,3.500949683600925e-34,0.0006237389338610865,91.25,2.0,73.2890625
4.0810000000000155,1.738520162189404e-34,0.0007832229148339559,106.25,2.0,73.0078125
4.088000000000015,8.633235628883153e-35,0.0008804309579873738,131.875,2.0,72.52734375
4.095000000000015,4.2871379374717614e-35,0.0007318905455302799,147.5,2.0,72.234375
4.1020000000000145,2.128929695075091e-35,0.000771627103721259,163.75,2.0,71.9296875
4.109000000000014,0.0001864082142443761,0.0008885170882583414,179.375,2.0,71.63671875
4.116000000000014,0.00045539904776947587,0.0007916006601663046,200.0,2.0,71.25
4.1230000000000135,0.000737186938970065,0.0007364794662936753,224.375,2.0,70.79296875
4.130000000000013,0.00047021200064999033,0.0006053344624062247,241.875,2.0,70.46484375
4.137000000000013,0.0002394274715305227,0.0006468700463554191,260.625,2.0,70.11328125
4.144000000000013,0.00011915917009142046,0.0008315204589309963,280.0,2.0,69.75
4.151000000000012,5.9183172072181555e-05,0.0008100545678132858,298.125,2.0,69.41015625
4.158000000000012,2.93898865524905e-05,0.0006920421361442503,313.125,2.0,69.12890625
4.165000000000012,1.459459992544636e-05,0.00036487924695946923,324.375,2.0,68.91796875
4.172000000000011,7.247464335860806e-06,0.0002417884693322374,332.5,2.0,68.765625
4.179000000000011,3.5989842960940706e-06,0.0005667496037335241,338.75,2.0,68.6484375
4.186000000000011,1.787202710598079e-06,0.0007778882526406846,345.0,2.0,68.53125
4.19300000000001,8.874986009986672e-07,0.0006963249771810081,353.125,2.0,68.37890625
4.20000000000001,4.4071876239202056e-07,0.0007355723636992003,360.625,2.0,68.23828125
4.20700000000001,2.1885446050903682e-07,0.000875443676225251,366.875,2.0,68.12109375
4.214000000000009,0.00048579753261837426,0.0008091454938454067,375.0,2.0,67.96875
4.221000000000009,0.0006583075989665867,0.0007179277730818245,396.875,2.0,67.55859375
4.228000000000009,0.0005915059002284049,0.0008641494168004729,407.5,2.0,67.359375
4.235000000000008,0.0003124565503198029,0.0005255188219017831,420.0,2.0,67.125
4.242000000000008,0.00015605084314711313,0.0002663906627088408,426.875,2.0,66.99609375
4.249000000000008,7.752920368933489e-05,0.00013252547361323444,441.25,2.0,66.7265625
4.256000000000007,3.850126540449692e-05,6.581973672691758e-05,441.25,2.0,66.7265625
4.263000000000007,1.9119213846107412e-05,3.268547111490695e-05,438.125,2.0,66.78515625
4.270000000000007,9.494322433717825e-06,5.495781707957899e-05,438.125,2.0,66.78515625
4.277000000000006,4.714741053069516e-06,0.00048740163576945666,426.875,10.0,66.80859375
4.284000000000006,2.3412711202854024e-06,0.0007329093703794754,422.5,20.0,66.703125
4.291000000000006,1.1626408305972978e-06,0.0006586081772133932,421.875,30.625,66.515625
4.298000000000005,5.773503500648637e-07,0.0007352351939978818,420.0,41.875,66.33984375
4.305000000000005,2.867036989811164e-07,0.0008732557894127943,418.75,53.125,66.15234375
4.312000000000005,1.4237284345666104e-07,0.0006495808406262833,417.5,75.625,65.75390625
4.319000000000004,7.070026171957291e-08,0.0007531808476106482,413.75,88.125,65.58984375
4.326000000000004,3.510871094414628e-08,0.0008773954425354288,407.5,111.25,65.2734375
4.333000000000004,1.7434469889923665e-08,0.0005999118736694522,403.75,126.25,65.0625
4.340000000000003,8.657701526729923e-09,0.0007720149455018727,395.625,150.0,64.76953125
4.347000000000003,4.299287342786527e-09,0.0008015286282016847,390.0,164.375,64.60546875
4.354000000000003,2.1349629112042085e-09,0.0006298375024341437,384.375,187.5,64.27734375
4.361000000000002,1.0601912058437347e-09,0.0003285337851052848,374.375,208.75,64.06640625
4.368000000000002,5.264753720308921e-10,0.0006513903394165173,356.25,226.25,64.078125
4.375000000000002,2.6143993255865573e-10,0.000762945075252275,343.75,245.0,63.9609375
4.3820000000000014,1.2982722833284575e-10,0.0006260514927880666,333.75,265.625,63.76171874999999
4.389000000000001,6.447029362206291e-11,0.0008028979789764378,323.125,286.25,63.57421875
4.396000000000001,3.2015000343833505e-11,0.0008801321201638502,313.75,301.875,63.45703125
4.4030000000000005,1.5898178671624635e-11,0.0007109025158698257,306.875,320.625,63.234375
4.41,7.894801885378823e-12,0.0007878730079939779,295.625,335.0,63.17578124999999
4.417,0.00048360222328143666,0.0008872704798519981,285.625,350.0,63.08203125
4.4239999999999995,0.0006432162623719723,0.0005851747755574058,285.0,363.75,62.8359375
4.430999999999999,0.0006006166880978217,0.0002993161129970209,280.0,370.625,62.80078125000001
4.437999999999999,0.0008059502863238705,0.00014903121302635552,270.0,368.75,63.0234375
4.4449999999999985,0.0008546381155312636,7.402262210595814e-05,261.25,365.0,63.25781249999999
4.451999999999998,0.0006725285829753716,3.675914687884819e-05,253.74999999999997,361.875,63.45703125
4.458999999999998,0.0008146124839267804,1.8254073882830943e-05,241.875,349.375,63.9140625
4.4659999999999975,0.0008551158245397946,0.00046420367849197083,229.375,339.375,64.3359375
4.472999999999997,0.0006772502277600008,0.0005330619828840833,223.75,333.75,64.546875
4.479999999999997,0.0008032548639492127,0.0006540205986495016,216.25,325.625,64.83984375
4.4869999999999965,0.000893283665694923,0.000749252532447568,211.875,318.125,65.0625
4.493999999999996,0.0007458573434637696,0.0006110989410419799,210.0,311.25,65.2265625
4.500999999999996,0.0007694054189660906,0.000783416146376274,202.5,298.125,65.61328125
4.507999999999996,0.0008913334008266306,0.0008600139526874787,198.75,285.0,65.9296875
4.514999999999995,0.0008091491187739051,0.0006944621968215274,200.0,276.25,66.0703125
4.521999999999995,0.0007269314909112747,0.000788184103027614,196.875,258.75,66.45703125
4.528999999999995,0.0008724597467801221,0.0008930260391868783,192.5,241.875,66.85546875
4.535999999999994,0.0008582023136956592,0.0007695363579736972,192.5,230.0,67.078125
4.542999999999994,0.0006837292971930318,0.0007533405510142077,191.25,212.5,67.4296875
4.549999999999994,0.0008429033753358305,0.0008855183751694698,180.625,195.0,67.95703125
4.556999999999993,0.0008876438821046962,0.0008179487627453793,179.375,170.625,68.4375
4.563999999999993,0.0006982584866895796,0.000713140037511577,179.375,170.625,68.4375
4.570999999999993,0.0008062036390669333,0.0008645088739572564,153.75,143.125,69.43359375
4.577999999999992,0.0008928690923838339,0.0008667757532250597,148.75,119.375,69.97265625
4.584999999999992,0.0007455448213999252,0.0006795505378462854,140.0,100.0,70.5
4.591999999999992,0.0007692454972642188,0.0008341092677847139,123.125,71.25,71.35546875
4.598999999999991,0.000891253797776228,0.0008917672837192294,107.5,45.625,72.12890625
4.605999999999991,0.0006667803172581516,0.0007106125947903766,97.5,21.25,72.7734375
4.612999999999991,0.0007531764366745506,0.0007962212337329637,74.375,3.75,73.53515625
4.61999999999999,0.0008791372053224294,0.0007766692862383784,52.5,2.0,74.015625
4.62699999999999,0.0007265348554788413,0.0006406363383561467,35.625,2.0,74.33203125
4.63399999999999,0.0007491366299046801,0.0008213865512584745,18.75,2.0,74.6484375
4.640999999999989,0.0004053271513171582,0.0008769542227804173,8.75,2.0,74.8359375
4.647999999999989,0.0002029375441551286,0.0006929499810015167,2.0,2.0,74.96484375
4.654999999999989,0.00010084555771850704,0.0008035675067137122,2.0,2.0,75.0
4.661999999999988,0.0002624878190361448,0.0004451598597785166,2.0,2.0,75.0
4.668999999999988,0.00047528775336273116,0.00022342628145934084,2.0,2.0,75.0
4.675999999999988,0.0007476227563136075,0.00011105107224217298,2.0,2.0,75.0
4.682999999999987,0.00046786656602688253,5.5150264215523896e-05,2.0,2.0,75.0
4.689999999999987,0.00023777065870085937,0.0005109891756733281,2.0,2.0,75.0
4.696999999999987,0.00011831356503596335,0.0006458663484197141,2.0,2.0,75.0
4.703999999999986,5.876232537797824e-05,0.0006102128658491495,2.0,2.0,75.0
4.710999999999986,2.9180864844277825e-05,0.0008117352487180462,2.0,2.0,75.0
4.717999999999986,0.0004131037915605535,0.0008521145314950084,2.0,2.0,75.0
4.724999999999985,0.00045505262565484754,0.0006528224408199258,2.0,2.0,75.0
4.731999999999985,0.0006927990766397678,0.0008226126010368619,2.0,2.0,75.0
4.738999999999985,0.00039202825102999697,0.0004692664514609378,2.0,2.0,75.0
4.7459999999999845,0.00019714838861499808,0.0007150837714844903,2.0,2.0,75.0
4.752999999999984,9.80065786704079e-05,0.0007239752394709666,2.0,2.0,75.0
4.759999999999984,4.867274848603162e-05,0.0006752987758694853,2.0,2.0,75.0
4.7669999999999835,2.4170324248903796e-05,0.0008463334921986578,2.0,2.0,75.0
4.773999999999983,1.2002633270843745e-05,0.0008419970683566946,2.0,2.0,75.0
4.780999999999983,5.960331479708628e-06,0.0006744960383348142,2.0,2.0,75.0
4.7879999999999825,2.9598130250806894e-06,0.0006269559017565942,2.0,2.0,75.0
4.794999999999982,1.4697996504461542e-06,0.0006132183418266958,2.0,2.0,75.0
4.801999999999982,7.298809059366834e-07,0.0008146611833700278,2.0,2.0,75.0
4.8089999999999815,3.6244813140636105e-07,0.0007922614645030742,2.0,2.0,75.0
4.815999999999981,1.799864154430646e-07,0.0006736258323054619,2.0,2.0,75.0
4.822999999999981,8.937860879112134e-08,0.0003548196794454821,2.0,2.0,75.0
4.8299999999999805,4.438410359899257e-08,0.0006646716955411348,2.0,2.0,75.0
4.83699999999998,2.2040493569215126e-08,0.0007635024860848363,2.0,2.0,75.0
4.84399999999998,1.0944985194781303e-08,0.000623605305911809,2.0,2.0,75.0
4.8509999999999796,5.435118797942951e-09,0.000809426231221558,2.0,2.0,75.0
4.857999999999979,2.6990001194189e-09,0.0007005379311663964,2.0,2.0,75.0
4.864999999999979,1.3402837942346845e-09,0.0006782633382426636,2.0,2.0,75.0
4.871999999999979,6.655652351267339e-10,0.00036274418437973,2.0,2.0,75.0
4.878999999999978,3.3050991447841016e-10,0.00018139810796420926,2.0,2.0,75.0
4.885999999999978,1.641263662873342e-10,9.013237061792109e-05,2.0,2.0,75.0
4.892999999999978,8.150274146297605e-11,4.476044239111375e-05,2.0,2.0,75.0
4.899999999999977,4.047306362922466e-11,3.044932056152261e-05,2.0,2.0,75.0
4.906999999999977,2.0098328597687583e-11,0.0004952620611889059,2.0,2.0,75.0
4.913999999999977,9.98053461238226e-12,0.0007227231098071546,2.0,2.0,75.0
4.920999999999976,4.9561868124905224e-12,0.0006266358354791818,2.0,2.0,75.0
4.927999999999976,2.4611695339275837e-12,0.0007545183912995143,2.0,2.0,75.0
4.934999999999976,1.2221806206875911e-12,0.0008230125909479536,2.0,2.0,75.0
4.941999999999975,6.06916934812121e-13,0.000664965656413124,2.0,2.0,75.0
4.948999999999975,3.0138603044982814e-13,0.00078961747607646,2.0,2.0,75.0
4.955999999999975,1.4966387348941485e-13,0.0008891512114720804,2.0,2.0,75.0
4.962999999999974,7.432088008334021e-14,0.0007516005601890215,2.0,2.0,75.0
4.969999999999974,3.690665681423043e-14,0.0007630223192797894,2.0,2.0,75.0
4.976999999999974,1.83273033860199e-14,0.0008713524397471257,2.0,2.0,75.0
4.983999999999973,9.10106951962402e-15,0.0005718598300856311,2.0,2.0,75.0
4.990999999999973,4.519457372229233e-15,0.0002923236631910772,2.0,2.0,75.0
4.997999999999973,2.2442961121607785e-15,0.0001455408219522773,2.0,2.0,75.0
5.004999999999972,1.1144844666552397e-15,0.00035791174976655156,2.0,2.0,75.0
5.011999999999972,5.534366074447992e-16,0.0004702461954540027,2.0,2.0,75.0
5.018999999999972,2.748284858372626e-16,0.0007427032400365516,2.0,2.0,75.0
5.025999999999971,1.364757871300302e-16,0.000756478766967046,2.0,2.0,75.0
5.032999999999971,6.777187021213777e-17,0.0006558545601150296,2.0,2.0,75.0
5.039999999999971,3.3654514757806423e-17,0.0008227784666595035,2.0,2.0,75.0
5.04699999999997,1.6712337434957774e-17,0.0007701928584049561,2.0,2.0,75.0
5.05399999999997,8.299101162203054e-18,0.0007072714491160846,2.0,2.0,75.0
5.06099999999997,4.1212116718282455e-18,0.0008626823184758951,2.0,2.0,75.0
5.067999999999969,2.046533150043532e-18,0.0008533463955061151,2.0,2.0,75.0
5.074999999999969,1.0162782860335578e-18,0.000680335197153259,2.0,2.0,75.0
5.081999999999969,5.046688614065871e-19,0.0008423349347397761,2.0,2.0,75.0
5.088999999999968,2.5061113985565475e-19,0.0008826937817959347,2.0,2.0,75.0
5.095999999999968,1.244498090187317e-19,0.0006917574275030558,2.0,2.0,75.0
5.102999999999968,6.179994621834977e-20,0.0008104953959710933,2.0,2.0,75.0
5.1099999999999675,0.00048697039255801494,0.0004504805014774041,2.0,2.0,75.0
5.116999999999967,0.0006719911410953789,0.00022617514001957643,2.0,2.0,75.0
5.123999999999967,0.0005823097885237531,0.0005999253502295012,2.0,2.0,75.0
5.1309999999999665,0.000306385607692345,0.0007373620770678509,2.0,2.0,75.0
5.137999999999966,0.0001529598331409286,0.0005992515042193541,2.0,2.0,75.0
5.144999999999966,7.599101902457826e-05,0.00031719279640815003,2.0,2.0,75.0
5.1519999999999655,3.7737299705703175e-05,0.0006415064657242301,2.0,2.0,75.0
5.158999999999965,1.8739835059340742e-05,0.0007844165337768022,2.0,2.0,75.0
5.165999999999965,9.305928337630187e-06,0.0006468207091040305,2.0,2.0,75.0
5.1729999999999645,4.621187307843809e-06,0.0007806526624996935,2.0,2.0,75.0
5.179999999999964,2.294813705093515e-06,0.0008801805469734988,2.0,2.0,75.0
5.186999999999964,1.1395707609541802e-06,0.000739243864795729,2.0,2.0,75.0
5.1939999999999635,5.658940925224235e-07,0.00076611653440361,2.0,2.0,75.0
5.200999999999963,2.810146898490837e-07,0.0008871492894793313,2.0,2.0,75.0
5.207999999999963,1.395477651285583e-07,0.0007989988294285291,2.0,2.0,75.0
5.2149999999999626,6.929736933977746e-08,0.0007309815735036844,2.0,2.0,75.0
5.221999999999962,3.44120552055389e-08,0.00087478849795751,2.0,2.0,75.0
5.228999999999962,1.708852088832929e-08,0.0007740978804703893,2.0,2.0,75.0
5.235999999999962,8.48590833667685e-09,0.0007077604901044493,2.0,2.0,75.0
5.242999999999961,4.21397736931473e-09,0.0008628575790801609,2.0,2.0,75.0
5.249999999999961,0.0001600507859495448,0.0008331797555095242,2.0,2.0,75.0
5.256999999999961,0.00046014970022566746,0.0006861952169493944,2.0,2.0,75.0
5.26399999999996,0.0007382589950576325,0.0003602588166713088,2.0,2.0,75.0
5.27099999999996,0.000478786893625626,0.00017982875237596582,2.0,2.0,75.0
5.27799999999996,0.00024422113590286923,8.933866800860659e-05,2.0,2.0,75.0
5.284999999999959,0.00012156464084532542,4.436573826527868e-05,2.0,2.0,75.0
5.291999999999959,6.037871550644986e-05,0.0004771704002423874,2.0,2.0,75.0
5.298999999999959,2.998361477213283e-05,0.0005395010682228232,2.0,2.0,75.0
5.305999999999958,1.4889438052388045e-05,0.0006572181538637743,2.0,2.0,75.0
5.312999999999958,7.393876666884142e-06,0.0008365121045210254,2.0,2.0,75.0
5.319999999999958,3.671690509711503e-06,0.0007777018284049149,2.0,2.0,75.0
5.326999999999957,1.823307547833981e-06,0.0007110300021295399,2.0,2.0,75.0
5.333999999999957,9.054277325677855e-07,0.000864549926596086,2.0,2.0,75.0
5.340999999999957,4.496221056390536e-07,0.0008542738655769473,2.0,2.0,75.0
5.347999999999956,2.2327572992012616e-07,0.0006807957667135593,2.0,2.0,75.0
5.354999999999956,1.1087544617163538e-07,0.0008425636468691061,2.0,2.0,75.0
5.361999999999956,5.5059117120149636e-08,0.0008753064758934214,2.0,2.0,75.0
5.368999999999955,2.7341548401596282e-08,0.0006847779716824629,2.0,2.0,75.0
5.375999999999955,1.3577411119134221e-08,0.0008141058806840088,2.0,2.0,75.0
5.382999999999955,6.7423428252961346e-09,0.000890649869895242,2.0,2.0,75.0
5.389999999999954,3.3481483601655126e-09,0.0006088922151384539,2.0,2.0,75.0
5.396999999999954,1.6626412705715012e-09,0.0003137092633916073,2.0,2.0,75.0
5.403999999999954,8.256432204428835e-10,0.0006416725422455989,2.0,2.0,75.0
5.410999999999953,4.1000228944694704e-10,0.0007797320376441761,2.0,2.0,75.0
5.417999999999953,2.036011114601856e-10,0.0006404448468439756,2.0,2.0,75.0
5.424999999999953,0.0004767839232959741,0.0007850062762308071,2.0,2.0,75.0
5.431999999999952,0.0006095160544616476,0.000884222828187621,2.0,2.0,75.0
5.438999999999952,0.0006187248633034128,0.0007413579078280057,2.0,2.0,75.0
5.445999999999952,0.00033128178544433235,0.0007671710669154049,2.0,2.0,75.0
5.452999999999951,0.0001656728812137875,0.0008876731431799536,2.0,2.0,75.0
5.459999999999951,8.231905570639009e-05,0.0007479139361053448,2.0,2.0,75.0
5.466999999999951,4.0880291912499484e-05,0.0007412769682272819,2.0,2.0,75.0
5.4739999999999505,2.0300620351538116e-05,0.0008776489799378077,2.0,2.0,75.0
5.48099999999995,1.0080992146872198e-05,0.000817925369721869,2.0,2.0,75.0
5.48799999999995,5.00607263191081e-06,0.0007133874517816751,2.0,2.0,75.0
5.4949999999999495,2.4859421015917664e-06,0.0008646438382142565,2.0,2.0,75.0
5.501999999999949,1.2344823138235607e-06,0.0008575808165702477,2.0,2.0,75.0
5.508999999999949,6.130257748384194e-07,0.0006753071621743378,2.0,2.0,75.0
5.5159999999999485,3.0441959063020725e-07,0.0008379750697862486,2.0,2.0,75.0
5.522999999999948,1.511702948931614e-07,0.00047939378348379097,2.0,2.0,75.0
5.529999999999948,7.506894681375765e-08,0.0005598844462062748,2.0,2.0,75.0
5.5369999999999475,3.7278135758811e-08,0.0005458550370114963,2.0,2.0,75.0
5.543999999999947,1.8511774370566583e-08,0.0007777033536646809,2.0,2.0,75.0
5.550999999999947,9.192675099525838e-09,0.0008405597033253293,2.0,2.0,75.0
5.5579999999999465,4.564947356953763e-09,0.0006655353063520172,2.0,2.0,75.0
5.564999999999946,2.2668857700446775e-09,0.0008111396429138692,2.0,2.0,75.0
5.571999999999946,1.1257021587780595e-09,0.0008212756614290055,2.0,2.0,75.0
5.578999999999946,5.590071484954484e-10,0.0006396568505528851,2.0,2.0,75.0
5.585999999999945,2.775947346571817e-10,0.0008203808323276393,2.0,2.0,75.0
5.592999999999945,1.3784946564063232e-10,0.0008286874579916539,2.0,2.0,75.0
5.599999999999945,6.845401877263685e-11,0.0006688514269502408,2.0,2.0,75.0
5.606999999999944,3.3993259707952716e-11,0.0008355052140057094,2.0,2.0,75.0
5.613999999999944,1.688055319893399e-11,0.0008839696599093681,2.0,2.0,75.0
5.620999999999944,8.382634638459683e-12,0.0006856503805979751,2.0,2.0,75.0
5.627999999999943,4.162693168511896e-12,0.0008069082886246304,2.0,2.0,75.0
5.634999999999943,2.067132251675905e-12,0.0004486718582144425,2.0,2.0,75.0
5.641999999999943,1.0265074971755003e-12,0.00022527584883642296,2.0,2.0,75.0
5.648999999999942,5.097485373290554e-13,0.00011197422579465231,2.0,2.0,75.0
5.655999999999942,2.531336322667756e-13,5.560887542823915e-05,2.0,2.0,75.0
5.662999999999942,1.2570244167901973e-13,0.0004740148706982613,2.0,2.0,75.0
5.669999999999941,6.242198518849794e-14,0.0005351815386758434,2.0,2.0,75.0
5.676999999999941,3.099784047809311e-14,0.0006646813184077073,2.0,2.0,75.0
5.683999999999941,1.539307203069151e-14,0.0008393248294898066,2.0,2.0,75.0
5.69099999999994,7.643973350643995e-15,0.0007833222739142722,2.0,2.0,75.0
5.69799999999994,3.7958848285029885e-15,0.0007141062538494799,2.0,2.0,75.0
5.70499999999994,1.8849806207193595e-15,0.000861903356072704,2.0,2.0,75.0
5.711999999999939,9.360536741808427e-16,0.0005280950090730342,2.0,2.0,75.0
5.718999999999939,4.648304981581592e-16,0.0006429657838106056,2.0,2.0,75.0
5.725999999999939,2.308279941393818e-16,0.0005626545391302949,2.0,2.0,75.0
5.732999999999938,1.146257895932666e-16,0.0007658971093455527,2.0,2.0,75.0
5.739999999999938,5.692148254750249e-17,0.0008653650431423765,2.0,2.0,75.0
5.746999999999938,2.8266371703108966e-17,0.0007101284006825033,2.0,2.0,75.0
5.753999999999937,1.4036664779269266e-17,0.0007787702100420786,2.0,2.0,75.0
5.760999999999937,6.970401443631611e-18,0.0008769152047512956,2.0,2.0,75.0
5.767999999999937,3.4613989184338844e-18,0.0005850923193178156,2.0,2.0,75.0
5.774999999999936,1.718879833453747e-18,0.0005737113856804773,2.0,2.0,75.0
5.781999999999936,8.535704642765564e-19,0.0005863408656951101,2.0,2.0,75.0
5.788999999999936,4.2387054831014803e-19,0.0008012958975576685,2.0,2.0,75.0
5.795999999999935,2.1048788500082624e-19,0.00047778885273130466,2.0,2.0,75.0
5.802999999999935,1.0452519031754665e-19,0.00024163578142090801,2.0,2.0,75.0
5.809999999999935,5.190567338769379e-20,0.00012018403723961436,2.0,2.0,75.0
5.8169999999999344,2.5775594587725606e-20,5.968919017418556e-05,2.0,2.0,75.0
5.823999999999934,1.279978146874993e-20,2.964105702746185e-05,2.0,2.0,75.0
5.830999999999934,6.356183369122842e-21,0.00013536664560125637,2.0,2.0,75.0
5.8379999999999335,0.000487504505395574,0.00047408486646787775,2.0,2.0,75.0
5.844999999999933,0.0006900894332586909,0.0006916979514124965,2.0,2.0,75.0
5.851999999999933,0.0005685312950108566,0.0006100573895842747,2.0,2.0,75.0
5.8589999999999325,0.0002975031670203819,0.0007462337092990734,2.0,2.0,75.0
5.865999999999932,0.0001484464833823266,0.0008721926526274668,2.0,2.0,75.0
5.872999999999932,7.374542826118344e-05,0.0007328312296822012,2.0,2.0,75.0
5.8799999999999315,3.6622004401395944e-05,0.0007529526857854153,2.0,2.0,75.0
5.886999999999931,1.818598960582992e-05,0.0008840387188233837,2.0,2.0,75.0
5.893999999999931,9.030896603773753e-06,0.0008134121875900292,2.0,2.0,75.0
5.9009999999999305,0.0004789700323558817,0.0007200464938399255,2.0,2.0,75.0
5.90799999999993,0.00060263931224496,0.0008680260612543613,2.0,2.0,75.0
5.91499999999993,0.0006243086058895183,0.0008559475369614316,2.0,2.0,75.0
5.9219999999999295,0.000335069155296453,0.0006816246281189343,2.0,2.0,75.0
5.928999999999929,0.0001676067021697851,0.0008439452774373146,2.0,2.0,75.0
5.935999999999929,8.328164268408918e-05,0.0004957511792195011,2.0,2.0,75.0
5.942999999999929,4.1358387761492545e-05,0.00025036027220001,2.0,2.0,75.0
5.949999999999928,3.463288108763769e-05,0.00012450762711352435,2.0,2.0,75.0
5.956999999999928,0.0004933846359977369,0.000549340369543638,2.0,2.0,75.0
5.963999999999928,0.0007256892328776002,0.0007122384658440149,2.0,2.0,75.0
5.970999999999927,0.0005390221436403772,0.0005867753451110989,2.0,2.0,75.0
5.977999999999927,0.00027895590140227525,0.0003072075256434729,2.0,2.0,75.0
5.984999999999927,0.00013904406898074067,0.000153297850887868,2.0,2.0,75.0
5.991999999999926,6.906827508755398e-05,0.00030133306034693734,2.0,2.0,75.0
5.998999999999926,3.429908773737152e-05,0.0004856684642591766,2.0,2.0,75.0
6.005999999999926,1.7032451880455915e-05,0.0007516510858000155,2.0,2.0,75.0
6.012999999999925,8.45806631429735e-06,0.00046980705997150474,2.0,2.0,75.0
6.019999999999925,4.200151465529509e-06,0.0007106663986767724,2.0,2.0,75.0
6.026999999999925,2.08573349268245e-06,0.0007098638570091224,2.0,2.0,75.0
6.033999999999924,1.0357446001320189e-06,0.0006866548503432226,2.0,2.0,75.0
6.040999999999924,5.143355469082131e-07,0.0008527740215367235,2.0,2.0,75.0
6.047999999999924,2.5541147381218e-07,0.0005130576244367269,2.0,2.0,75.0
6.054999999999923,1.2683358431483456e-07,0.00025976022553684917,2.0,2.0,75.0
6.061999999999923,6.298369399793548e-08,0.0001292123899896016,2.0,2.0,75.0
6.068999999999923,3.127677681786996e-08,6.41736730432727e-05,2.0,2.0,75.0
6.075999999999922,1.553158771771807e-08,0.00019191672169743427,2.0,2.0,75.0
6.082999999999922,7.712758205165955e-09,0.00047597386733094944,2.0,2.0,75.0
6.089999999999922,3.830042376382023e-09,0.0007057580283537015,2.0,2.0,75.0
6.096999999999921,1.901942757009638e-09,0.000636784590988223,2.0,2.0,75.0
6.103999999999921,9.444768217835025e-10,0.0007333999770528621,2.0,2.0,75.0
6.110999999999921,4.690133094693057e-10,0.0008570448849288619,2.0,2.0,75.0
6.11799999999992,2.329051167650293e-10,0.0005699895409657434,2.0,2.0,75.0
6.12499999999992,1.1565725816333575e-10,0.0002917676357285251,2.0,2.0,75.0
6.13199999999992,5.7433694680721586e-11,0.00021624806895629442,2.0,2.0,75.0
6.138999999999919,2.8520728720889186e-11,0.0005466752793596272,2.0,2.0,75.0
6.145999999999919,1.4162974736215123e-11,0.000770351765644864,2.0,2.0,75.0
6.152999999999919,7.033125111973443e-12,0.0007005358770209633,2.0,2.0,75.0
6.159999999999918,3.49254657033232e-12,0.0007283800764028379,2.0,2.0,75.0
6.166999999999918,1.7343472996341212e-12,0.0008725910884084527,2.0,2.0,75.0
6.173999999999918,8.612513806686208e-13,0.0008154853239748174,2.0,2.0,75.0
6.1809999999999174,4.27684778510098e-13,0.0007121788590679602,2.0,2.0,75.0
6.187999999999917,2.1238197566339868e-13,0.0008640437906290314,2.0,2.0,75.0
6.194999999999917,0.0003575864145371713,0.0008665452988996815,2.0,2.0,75.0
6.2019999999999165,0.00042232136628160777,0.0006750040369388778,2.0,2.0,75.0
6.208999999999916,0.0007061817687830165,0.0008349602454503707,2.0,2.0,75.0
6.215999999999916,0.0004091965882446891,0.0008880365045003311,2.0,2.0,75.0
6.2229999999999155,0.00020628242287375269,0.0007032688313819257,2.0,2.0,75.0
6.229999999999915,0.00010256956002757358,0.0008007942749869116,2.0,2.0,75.0
6.236999999999915,5.093974306850318e-05,0.0008971105685690497,2.0,2.0,75.0
6.2439999999999145,2.529612121522979e-05,0.000737096395782795,2.0,2.0,75.0
6.250999999999914,1.2561688972361488e-05,0.0007642739547442867,2.0,2.0,75.0
6.257999999999914,6.237950376863799e-06,0.0004142623285528347,2.0,2.0,75.0
6.2649999999999135,3.097674491246817e-06,0.0005985633621139287,2.0,2.0,75.0
6.271999999999913,1.5382596285639224e-06,0.000505184505104451,2.0,2.0,75.0
6.278999999999913,7.638771249698774e-07,0.0007521651835356609,2.0,2.0,75.0
6.2859999999999125,3.793301541627864e-07,0.0008164648726549152,2.0,2.0,75.0
6.292999999999912,1.8836977984217977e-07,0.0006387357738769971,2.0,2.0,75.0
6.299999999999912,9.354166434805016e-08,0.0008200324572004237,2.0,2.0,75.0
6.306999999999912,4.645141580743057e-08,0.0008665855609382366,2.0,2.0,75.0
6.313999999999911,2.306709043027399e-08,0.0006713691599801989,2.0,2.0,75.0
6.320999999999911,0.0004590727627100646,0.0008134346851026998,2.0,2.0,75.0
6.327999999999911,0.0005518751496203835,0.000892312870098563,2.0,2.0,75.0
6.33499999999991,0.0006451611686238117,0.0006098331432156869,2.0,2.0,75.0
6.34199999999991,0.0003511411858255012,0.00031319894589118525,2.0,2.0,75.0
6.34899999999991,0.0001758911079877015,0.0006433306611449471,2.0,2.0,75.0
6.355999999999909,0.0004860216497307518,0.0007465865974036364,2.0,2.0,75.0
6.362999999999909,0.0004912650246771247,0.0006191609269029006,2.0,2.0,75.0
6.369999999999909,0.0007107817124238156,0.0003246765354873432,2.0,2.0,75.0
6.376999999999908,0.0004009581669111331,0.00016204248220505054,2.0,2.0,75.0
6.383999999999908,0.00020158285371794867,8.050131554612873e-05,2.0,2.0,75.0
6.390999999999908,0.0001002086688745475,3.997704618274168e-05,2.0,2.0,75.0
6.397999999999907,4.976627411915986e-05,0.00012763089444352478,2.0,2.0,75.0
6.404999999999907,2.4713353007638788e-05,0.00047869433516032153,2.0,2.0,75.0
6.411999999999907,1.2272293371967772e-05,0.000739180104817732,2.0,2.0,75.0
6.418999999999906,6.094240722945737e-06,0.0007011495800546986,22.5,2.0,74.578125
6.425999999999906,3.0263103873140678e-06,0.0007100735197656001,33.75,2.0,74.3671875
6.432999999999906,1.5028212632721443e-06,0.0008643835158706748,56.875,2.0,73.93359375
6.439999999999905,0.0004864351316631896,0.000815186969719511,81.25,2.0,73.4765625
6.446999999999905,0.0006586242212819535,0.0007029981691568925,95.625,2.0,73.20703125
6.453999999999905,0.0005916631302170685,0.00037120904794316783,122.5,2.0,72.703125
6.460999999999904,0.0003125346284214884,0.00025636602756824354,135.625,2.0,72.45703125
6.467999999999904,0.00015608961558495808,0.0005666254319131876,147.5,2.0,72.234375
6.474999999999904,7.754845751216088e-05,0.0007760417030513371,160.0,2.0,72.0
6.481999999999903,3.8510826569954106e-05,0.0005352582309108021,172.5,2.0,71.765625
6.488999999999903,1.9123961780360557e-05,0.0006414110669662807,184.375,2.0,71.54296875
6.495999999999903,9.496680188091307e-06,0.00055627333748384,196.25,2.0,71.3203125
6.502999999999902,4.715911879241336e-06,0.0007720457357642012,207.5,2.0,71.109375
6.509999999999902,2.3418525353556245e-06,0.0008544421114010989,220.625,2.0,70.86328125
6.516999999999902,1.1629295527765727e-06,0.0006864479087853821,234.375,2.0,70.60546875
6.523999999999901,5.774937252559706e-07,0.0007924350356568659,249.375,2.0,70.32421875
6.530999999999901,2.8677489699394853e-07,0.0008842204388643377,250.0,2.0,70.3125
6.537999999999901,1.424081993434928e-07,0.0005943041872119363,266.25,2.0,70.0078125
6.5449999999999005,7.071781893337604e-08,0.0003046297485068707,279.375,2.0,69.76171875
6.5519999999999,3.5117429598496444e-08,0.00015170729443307146,273.75,2.0,69.8671875
6.5589999999999,1.743879944554278e-08,9.659196615497198e-05,279.375,2.0,69.76171875
6.5659999999998995,8.659851520422323e-09,0.0005194420627714802,289.375,2.0,69.57421875
6.572999999999899,4.300354998057419e-09,0.0007422747869826433,286.25,2.0,69.6328125
6.579999999999899,2.13549309312125e-09,0.0006489747443897591,297.5,2.0,69.421875
6.5869999999998985,1.0604544863920734e-09,0.0007484011032649645,295.625,2.0,69.45703125
6.593999999999898,5.266061132819711e-10,0.0008769602242892266,306.25,2.0,69.2578125
6.600999999999898,2.6150485674254084e-10,0.0007778198327054737,321.25,2.0,68.9765625
6.6079999999998975,1.2985946872842373e-10,0.0007388735321197578,319.375,2.0,69.01171875
6.614999999999897,6.448630372869535e-11,0.0008788609042348166,328.75,2.0,68.8359375
6.621999999999897,3.2022950727499293e-11,0.0008408862535375034,326.25,2.0,68.8828125
6.6289999999998965,1.5902126715312575e-11,0.0006988348226650258,335.0,2.0,68.71875
6.635999999999896,7.896762425852989e-12,0.0008547262109525332,336.875,2.0,68.68359375
6.642999999999896,3.921416168210795e-12,0.0008788596053117801,340.0,2.0,68.625
6.6499999999998956,1.9473176391835025e-12,0.0006845566217698785,352.5,2.0,68.390625
6.656999999999895,9.670093214323104e-13,0.0008205854313275709,345.0,2.0,68.53125
6.663999999999895,4.802026176525887e-13,0.0008958937186556827,356.25,2.0,68.3203125
6.670999999999895,0.0003078348992120805,0.0007322599185085787,355.0,2.0,68.34375
6.677999999999894,0.0004286938343113459,0.0007808581111953937,357.5,2.0,68.296875
6.684999999999894,0.0007203379970532297,0.0008945990548109703,361.25,2.0,68.2265625
6.691999999999894,0.000428854744240486,0.0007947030954358619,373.75,2.0,67.9921875
6.698999999999893,0.0002167990263977698,0.0007380236897314332,373.125,2.0,68.00390625
6.705999999999893,0.00010782601223150347,0.0008784444624193936,376.875,2.0,67.93359375
6.712999999999893,5.35513889625811e-05,0.0008477271060654016,366.875,2.0,68.12109375
6.719999999999892,2.6593077804115013e-05,0.0006938527153192643,365.0,2.0,68.15625
6.726999999999892,1.3205740423237856e-05,0.0008514206000105849,360.625,2.0,68.23828125
6.733999999999892,6.557776928072663e-06,0.0008771755058605191,355.625,2.0,68.33203125
6.740999999999891,3.2564956586100295e-06,0.0006837185093175631,353.75,2.0,68.3671875
6.747999999999891,1.6171278862846032e-06,0.0008201691663094954,341.25,2.0,68.6015625
6.754999999999891,8.030419426921869e-07,0.0008956870049494576,331.875,2.0,68.77734375
6.76199999999989,3.987788270694406e-07,0.0007321572674264587,330.0,2.0,68.8125
6.76899999999989,1.9802770498587323e-07,0.000780807136173332,316.875,10.625,68.859375
6.77599999999989,9.83376480395259e-08,0.0008945737413640422,305.0,21.25,68.8828125
6.782999999999889,4.883303082584069e-08,0.0007946905251501252,293.75,30.625,68.91796875
6.789999999999889,2.4249765447705375e-08,0.0007380174475122715,280.625,40.625,68.9765625
6.796999999999889,1.20420771417192e-08,0.0008784413626250949,268.75,40.0,69.2109375
6.803999999999888,5.979918535700218e-09,0.0008477255667531075,256.875,49.375,69.2578125
6.810999999999888,2.9695396626985756e-09,0.0006938519509194012,243.125,58.125,69.3515625
6.817999999999888,1.4746297555218124e-09,0.0008510940879810977,227.5,75.625,69.31640625
6.824999999999887,7.322794651256511e-10,0.000882197168754935,211.25,84.375,69.45703125
6.831999999999887,3.636392206496324e-10,0.0006883587248012559,195.625,92.5,69.59765625
6.838999999999887,1.805778928567691e-10,0.0008158912082978088,181.25,108.75,69.5625
6.845999999999886,8.967232778229135e-11,0.0008966821868738744,161.25,116.25,69.796875
6.852999999999886,4.4529960133452e-11,0.0007399618683051785,150.625,134.375,69.65625
6.859999999999886,2.2112923780689617e-11,0.0007756352504369179,134.375,142.5,69.80859375
6.866999999999885,1.0980952973350043e-11,0.0008933179004725053,118.75,158.125,69.80859375
6.873999999999885,5.4529798681902105e-12,0.0008021407907262344,102.5,175.0,69.796875
6.880999999999885,2.7078696644136763e-12,0.0007325452648574175,85.625,191.25,69.80859375
6.887999999999884,1.344688279930408e-12,0.0008755651400510465,69.375,203.125,69.890625
6.894999999999884,6.677524379939894e-13,0.0008531323109351034,53.75,213.125,69.99609375
6.901999999999884,3.315960472786994e-13,0.0006883059971168944,40.0,219.375,70.13671875
6.9089999999998835,1.6466572387392352e-13,0.0008475411735233106,25.0,221.25,70.3828125
6.915999999999883,8.177057851396466e-14,0.0008803921013378403,13.125,219.375,70.640625
6.922999999999883,4.060606757255644e-14,0.0006874606227071385,4.375,211.875,70.9453125
6.9299999999998825,2.016437640129244e-14,0.0008154451565364059,2.0,191.875,71.40234375
6.936999999999882,1.0013332981000131e-14,0.0008913152207034191,2.0,172.5,71.765625
6.943999999999882,4.9724740003344914e-15,0.0007298699515011818,2.0,155.625,72.08203125
6.9509999999998815,2.469257512050991e-15,0.0007796661090318865,2.0,132.5,72.515625
6.957999999999881,1.2261969917610612e-15,0.0008909294087892903,2.0,113.125,72.87890625
6.964999999999881,6.08911405661779e-16,0.0005722641418617354,2.0,96.25,73.1953125
6.9719999999998805,3.0237645536260873e-16,0.0007791929772371336,2.0,76.875,73.55859375
6.97899999999988,1.501557039456106e-16,0.0008325184874435854,2.0,59.375,73.88671875
6.98599999999988,7.456511585984399e-17,0.0006391038651774956,2.0,42.5,74.203125
6.9929999999998795,3.702794071150225e-17,0.0008182301291824874,2.0,23.75,74.5546875
6.999999999999879,1.838753118699165e-17,0.0008240992312798727,2.0,9.375,74.82421875
